country,iso_code,year,incidence_per_1000,incidence_lag1,incidence_lag2,incidence_3yr_avg,incidence_change,itn_coverage_pct,itn_lag1,treatment_pct,intervention_gap,east_africa,decade,high_burden
Angola,AGO,2000,326.54,248.98,251.04000000000002,253.8,-1.9499999999999886,36.4,36.4,33.0,-1.9000000000000004,0,2000,0
Angola,AGO,2001,330.8,326.54,251.04000000000002,253.8,4.259999999999991,2.2999999523,36.4,63.0,-60.7000000477,0,2000,0
Angola,AGO,2002,315.7,330.8,326.54,328.67,-15.100000000000023,36.4,2.2999999523,33.0,-1.9000000000000004,0,2000,0
Angola,AGO,2003,319.29,315.7,330.8,324.34666666666664,3.590000000000032,36.4,36.4,33.0,-1.9000000000000004,0,2000,0
Angola,AGO,2004,312.65,319.29,315.7,321.93,-6.640000000000043,36.4,36.4,33.0,-1.9000000000000004,0,2000,1
Angola,AGO,2005,313.87,312.65,319.29,315.88,1.2200000000000273,36.4,36.4,33.0,-1.9000000000000004,0,2000,1
Angola,AGO,2006,299.9,313.87,312.65,315.27000000000004,-13.970000000000027,36.4,36.4,33.0,-1.9000000000000004,0,2000,1
Angola,AGO,2007,269.53,299.9,313.87,308.8066666666667,-30.370000000000005,17.7,36.4,29.8,-12.100000000000001,0,2000,1
Angola,AGO,2008,228.06,269.53,299.9,294.43333333333334,-41.46999999999997,36.4,17.7,33.0,-1.9000000000000004,0,2000,0
Angola,AGO,2009,193.51,228.06,269.53,265.83,-34.55000000000001,36.4,36.4,33.0,-1.9000000000000004,0,2000,0
Angola,AGO,2010,170.36,193.51,228.06,230.36666666666665,-23.149999999999977,36.4,36.4,33.0,-1.9000000000000004,0,2010,0
Angola,AGO,2011,157.06,170.36,193.51,197.31000000000003,-13.300000000000011,25.9,36.4,28.3,-2.400000000000002,0,2010,0
Angola,AGO,2012,153.05,157.06,170.36,173.64333333333335,-4.009999999999991,36.4,25.9,33.0,-1.9000000000000004,0,2010,0
Angola,AGO,2013,158.1,153.05,157.06,160.15666666666667,5.049999999999983,36.4,36.4,33.0,-1.9000000000000004,0,2010,0
Angola,AGO,2014,163.86,158.1,153.05,156.07000000000002,5.760000000000019,36.4,36.4,33.0,-1.9000000000000004,0,2010,0
Angola,AGO,2015,174.47,163.86,158.1,158.33666666666667,10.609999999999985,36.4,36.4,33.0,-1.9000000000000004,0,2010,0
Angola,AGO,2016,189.78,174.47,163.86,165.47666666666666,15.310000000000002,21.7,36.4,18.1,3.599999999999998,0,2010,0
Angola,AGO,2017,215.31,189.78,174.47,176.03666666666666,25.53,36.4,21.7,33.0,-1.9000000000000004,0,2010,0
Angola,AGO,2018,232.44,215.31,189.78,193.1866666666667,17.129999999999995,36.4,36.4,33.0,-1.9000000000000004,0,2010,0
Angola,AGO,2019,243.1,232.44,215.31,212.51,10.659999999999997,36.4,36.4,33.0,-1.9000000000000004,0,2010,0
Angola,AGO,2020,244.53,243.1,232.44,230.28333333333333,1.4300000000000068,36.4,36.4,33.0,-1.9000000000000004,0,2020,1
Angola,AGO,2021,258.61,244.53,243.1,240.0233333333333,14.080000000000013,36.4,36.4,33.0,-1.9000000000000004,0,2020,1
Angola,AGO,2022,260.09,258.61,244.53,248.74666666666667,1.4799999999999613,36.4,36.4,33.0,-1.9000000000000004,0,2020,1
Angola,AGO,2023,255.47,260.09,258.61,254.41,-4.619999999999976,36.4,36.4,33.0,-1.9000000000000004,0,2020,1
Benin,BEN,2000,416.0,248.98,251.04000000000002,253.8,-1.9499999999999886,36.4,36.4,33.0,-1.9000000000000004,0,2000,1
Benin,BEN,2001,434.27,416.0,251.04000000000002,253.8,18.269999999999982,7.0,36.4,63.3,-56.3,0,2000,1
Benin,BEN,2002,453.46,434.27,416.0,425.135,19.189999999999998,36.4,7.0,33.0,-1.9000000000000004,0,2000,1
Benin,BEN,2003,473.3,453.46,434.27,434.57666666666665,19.840000000000032,36.4,36.4,33.0,-1.9000000000000004,0,2000,1
Benin,BEN,2004,495.55,473.3,453.46,453.6766666666667,22.25,36.4,36.4,33.0,-1.9000000000000004,0,2000,1
Benin,BEN,2005,510.17,495.55,473.3,474.1033333333333,14.620000000000005,36.4,36.4,33.0,-1.9000000000000004,0,2000,1
Benin,BEN,2006,508.93,510.17,495.55,493.00666666666666,-1.240000000000009,20.3,36.4,54.0,-33.7,0,2000,1
Benin,BEN,2007,496.75,508.93,510.17,504.8833333333334,-12.180000000000007,36.4,20.3,33.0,-1.9000000000000004,0,2000,1
Benin,BEN,2008,473.51,496.75,508.93,505.28333333333336,-23.24000000000001,36.4,36.4,33.0,-1.9000000000000004,0,2000,1
Benin,BEN,2009,448.56,473.51,496.75,493.06333333333333,-24.94999999999999,36.4,36.4,33.0,-1.9000000000000004,0,2000,1
Benin,BEN,2010,417.07,448.56,473.51,472.94,-31.49000000000001,36.4,36.4,33.0,-1.9000000000000004,0,2010,1
Benin,BEN,2011,382.99,417.07,448.56,446.37999999999994,-34.079999999999984,36.4,36.4,33.0,-1.9000000000000004,0,2010,1
Benin,BEN,2012,365.18,382.99,417.07,416.20666666666665,-17.810000000000002,69.7,36.4,38.4,31.300000000000004,0,2010,1
Benin,BEN,2013,362.14,365.18,382.99,388.41333333333336,-3.0400000000000205,36.4,69.7,33.0,-1.9000000000000004,0,2010,1
Benin,BEN,2014,369.11,362.14,365.18,370.1033333333333,6.970000000000027,72.7,36.4,25.9,46.800000000000004,0,2010,1
Benin,BEN,2015,390.76,369.11,362.14,365.4766666666667,21.649999999999977,36.4,72.7,33.0,-1.9000000000000004,0,2010,1
Benin,BEN,2016,415.92,390.76,369.11,374.00333333333333,25.160000000000025,36.4,36.4,33.0,-1.9000000000000004,0,2010,1
Benin,BEN,2017,415.74,415.92,390.76,391.93,-0.18000000000000682,36.4,36.4,33.0,-1.9000000000000004,0,2010,1
Benin,BEN,2018,407.71,415.74,415.92,407.47333333333336,-8.03000000000003,76.3,36.4,17.5,58.8,0,2010,1
Benin,BEN,2019,399.91,407.71,415.74,413.1233333333333,-7.7999999999999545,36.4,76.3,33.0,-1.9000000000000004,0,2010,1
Benin,BEN,2020,377.01,399.91,407.71,407.78666666666663,-22.900000000000034,36.4,36.4,33.0,-1.9000000000000004,0,2020,1
Benin,BEN,2021,378.2,377.01,399.91,394.8766666666666,1.1899999999999977,36.4,36.4,33.0,-1.9000000000000004,0,2020,1
Benin,BEN,2022,376.6,378.2,377.01,385.03999999999996,-1.599999999999966,36.4,36.4,33.0,-1.9000000000000004,0,2020,1
Benin,BEN,2023,361.26,376.6,378.2,377.27,-15.340000000000032,36.4,36.4,33.0,-1.9000000000000004,0,2020,1
Botswana,BWA,2000,17.23,248.98,251.04000000000002,253.8,-1.9499999999999886,36.4,36.4,33.0,-1.9000000000000004,0,2000,0
Botswana,BWA,2001,6.79,17.23,251.04000000000002,253.8,-10.440000000000001,36.4,36.4,33.0,-1.9000000000000004,0,2000,0
Botswana,BWA,2002,3.17,6.79,17.23,12.01,-3.62,36.4,36.4,33.0,-1.9000000000000004,0,2000,0
Botswana,BWA,2003,1.58,3.17,6.79,9.063333333333334,-1.5899999999999999,36.4,36.4,33.0,-1.9000000000000004,0,2000,0
Botswana,BWA,2004,1.02,1.58,3.17,3.8466666666666662,-0.56,36.4,36.4,33.0,-1.9000000000000004,0,2000,0
Botswana,BWA,2005,1.2,1.02,1.58,1.9233333333333331,0.17999999999999994,36.4,36.4,33.0,-1.9000000000000004,0,2000,0
Botswana,BWA,2006,3.86,1.2,1.02,1.2666666666666666,2.66,36.4,36.4,33.0,-1.9000000000000004,0,2000,0
Botswana,BWA,2007,1.02,3.86,1.2,2.026666666666667,-2.84,36.4,36.4,33.0,-1.9000000000000004,0,2000,0
Botswana,BWA,2008,1.9,1.02,3.86,2.026666666666667,0.8799999999999999,36.4,36.4,33.0,-1.9000000000000004,0,2000,0
Botswana,BWA,2009,2.06,1.9,1.02,2.2600000000000002,0.16000000000000014,36.4,36.4,33.0,-1.9000000000000004,0,2000,0
Botswana,BWA,2010,1.65,2.06,1.9,1.6600000000000001,-0.41000000000000014,36.4,36.4,33.0,-1.9000000000000004,0,2010,0
Botswana,BWA,2011,0.5,1.65,2.06,1.8699999999999999,-1.15,36.4,36.4,33.0,-1.9000000000000004,0,2010,0
Botswana,BWA,2012,0.22,0.5,1.65,1.4033333333333333,-0.28,30.9,36.4,33.0,-1.9000000000000004,0,2010,0
Botswana,BWA,2013,0.51,0.22,0.5,0.79,0.29000000000000004,36.4,30.9,33.0,-1.9000000000000004,0,2010,0
Botswana,BWA,2014,1.44,0.51,0.22,0.41,0.9299999999999999,36.4,36.4,33.0,-1.9000000000000004,0,2010,0
Botswana,BWA,2015,0.31,1.44,0.51,0.7233333333333333,-1.13,36.4,36.4,33.0,-1.9000000000000004,0,2010,0
Botswana,BWA,2016,0.67,0.31,1.44,0.7533333333333333,0.36000000000000004,36.4,36.4,33.0,-1.9000000000000004,0,2010,0
Botswana,BWA,2017,1.96,0.67,0.31,0.8066666666666666,1.29,36.4,36.4,33.0,-1.9000000000000004,0,2010,0
Botswana,BWA,2018,0.53,1.96,0.67,0.98,-1.43,36.4,36.4,33.0,-1.9000000000000004,0,2010,0
Botswana,BWA,2019,0.17,0.53,1.96,1.0533333333333335,-0.36,36.4,36.4,33.0,-1.9000000000000004,0,2010,0
Botswana,BWA,2020,1.13,0.17,0.53,0.8866666666666667,0.9599999999999999,36.4,36.4,33.0,-1.9000000000000004,0,2020,0
Botswana,BWA,2021,0.67,1.13,0.17,0.61,-0.45999999999999985,36.4,36.4,33.0,-1.9000000000000004,0,2020,0
Botswana,BWA,2022,0.34,0.67,1.13,0.6566666666666666,-0.33,36.4,36.4,33.0,-1.9000000000000004,0,2020,0
Botswana,BWA,2023,0.47,0.34,0.67,0.7133333333333334,0.12999999999999995,36.4,36.4,33.0,-1.9000000000000004,0,2020,0
Burkina Faso,BFA,2000,597.17,248.98,251.04000000000002,253.8,-1.9499999999999886,36.4,36.4,33.0,-1.9000000000000004,0,2000,1
Burkina Faso,BFA,2001,597.54,597.17,251.04000000000002,253.8,0.37000000000000455,36.4,36.4,33.0,-1.9000000000000004,0,2000,1
Burkina Faso,BFA,2002,592.47,597.54,597.17,597.355,-5.069999999999936,36.4,36.4,33.0,-1.9000000000000004,0,2000,1
Burkina Faso,BFA,2003,582.14,592.47,597.54,595.7266666666666,-10.330000000000041,1.9,36.4,49.6,-47.7,0,2000,1
Burkina Faso,BFA,2004,559.01,582.14,592.47,590.7166666666666,-23.129999999999995,36.4,1.9,33.0,-1.9000000000000004,0,2000,1
Burkina Faso,BFA,2005,528.52,559.01,582.14,577.8733333333333,-30.49000000000001,36.4,36.4,33.0,-1.9000000000000004,0,2000,1
Burkina Faso,BFA,2006,511.16,528.52,559.01,556.5566666666667,-17.359999999999957,10.0,36.4,48.0,-38.0,0,2000,1
Burkina Faso,BFA,2007,519.27,511.16,528.52,532.8966666666666,8.109999999999957,36.4,10.0,33.0,-1.9000000000000004,0,2000,1
Burkina Faso,BFA,2008,549.65,519.27,511.16,519.65,30.379999999999995,36.4,36.4,33.0,-1.9000000000000004,0,2000,1
Burkina Faso,BFA,2009,568.59,549.65,519.27,526.6933333333333,18.940000000000055,36.4,36.4,33.0,-1.9000000000000004,0,2000,1
Burkina Faso,BFA,2010,568.37,568.59,549.65,545.8366666666667,-0.22000000000002728,47.4,36.4,35.1,12.299999999999997,0,2010,1
Burkina Faso,BFA,2011,554.68,568.37,568.59,562.2033333333334,-13.690000000000055,36.4,47.4,33.0,-1.9000000000000004,0,2010,1
Burkina Faso,BFA,2012,533.39,554.68,568.37,563.88,-21.289999999999964,36.4,36.4,33.0,-1.9000000000000004,0,2010,1
Burkina Faso,BFA,2013,487.14,533.39,554.68,552.1466666666666,-46.25,36.4,36.4,33.0,-1.9000000000000004,0,2010,1
Burkina Faso,BFA,2014,446.14,487.14,533.39,525.07,-41.0,75.3,36.4,49.2,26.099999999999994,0,2010,1
Burkina Faso,BFA,2015,417.95,446.14,487.14,488.89000000000004,-28.189999999999998,36.4,75.3,33.0,-1.9000000000000004,0,2010,1
Burkina Faso,BFA,2016,373.17,417.95,446.14,450.41,-44.77999999999997,36.4,36.4,33.0,-1.9000000000000004,0,2010,1
Burkina Faso,BFA,2017,356.56,373.17,417.95,412.42,-16.610000000000014,36.4,36.4,33.0,-1.9000000000000004,0,2010,1
Burkina Faso,BFA,2018,356.23,356.56,373.17,382.56,-0.3299999999999841,54.4,36.4,51.1,3.299999999999997,0,2010,1
Burkina Faso,BFA,2019,356.49,356.23,356.56,361.9866666666667,0.2599999999999909,36.4,54.4,33.0,-1.9000000000000004,0,2010,1
Burkina Faso,BFA,2020,378.17,356.49,356.23,356.4266666666667,21.680000000000007,36.4,36.4,33.0,-1.9000000000000004,0,2020,1
Burkina Faso,BFA,2021,378.58,378.17,356.49,363.63000000000005,0.40999999999996817,36.4,36.4,33.0,-1.9000000000000004,0,2020,1
Burkina Faso,BFA,2022,356.27,378.58,378.17,371.08,-22.310000000000002,36.4,36.4,33.0,-1.9000000000000004,0,2020,1
Burkina Faso,BFA,2023,353.49,356.27,378.58,371.00666666666666,-2.7799999999999727,36.4,36.4,33.0,-1.9000000000000004,0,2020,1
Burundi,BDI,2000,427.48,248.98,251.04000000000002,253.8,-1.9499999999999886,1.0,36.4,31.0,-30.0,1,2000,1
Burundi,BDI,2001,416.12,427.48,251.04000000000002,253.8,-11.360000000000014,36.4,1.0,33.0,-1.9000000000000004,1,2000,1
Burundi,BDI,2002,388.13,416.12,427.48,421.8,-27.99000000000001,36.4,36.4,33.0,-1.9000000000000004,1,2000,1
Burundi,BDI,2003,343.45,388.13,416.12,410.57666666666665,-44.68000000000001,36.4,36.4,33.0,-1.9000000000000004,1,2000,1
Burundi,BDI,2004,295.97,343.45,388.13,382.56666666666666,-47.47999999999996,36.4,36.4,33.0,-1.9000000000000004,1,2000,0
Burundi,BDI,2005,284.48,295.97,343.45,342.51666666666665,-11.490000000000009,8.0,36.4,30.0,-22.0,1,2000,0
Burundi,BDI,2006,287.78,284.48,295.97,307.9666666666667,3.2999999999999545,36.4,8.0,33.0,-1.9000000000000004,1,2000,1
Burundi,BDI,2007,287.94,287.78,284.48,289.41,0.160000000000025,36.4,36.4,33.0,-1.9000000000000004,1,2000,1
Burundi,BDI,2008,288.77,287.94,287.78,286.7333333333333,0.8299999999999841,36.4,36.4,33.0,-1.9000000000000004,1,2000,1
Burundi,BDI,2009,281.56,288.77,287.94,288.16333333333336,-7.2099999999999795,36.4,36.4,33.0,-1.9000000000000004,1,2000,1
Burundi,BDI,2010,259.34,281.56,288.77,286.09,-22.220000000000027,45.0,36.4,17.2,27.8,1,2010,1
Burundi,BDI,2011,245.35,259.34,281.56,276.5566666666667,-13.98999999999998,36.4,45.0,33.0,-1.9000000000000004,1,2010,1
Burundi,BDI,2012,232.24,245.35,259.34,262.0833333333333,-13.109999999999985,53.8,36.4,25.4,28.4,1,2010,1
Burundi,BDI,2013,234.96,232.24,245.35,245.64333333333332,2.719999999999999,36.4,53.8,33.0,-1.9000000000000004,1,2010,1
Burundi,BDI,2014,250.86,234.96,232.24,237.51666666666665,15.900000000000006,36.4,36.4,33.0,-1.9000000000000004,1,2010,1
Burundi,BDI,2015,285.0,250.86,234.96,239.35333333333332,34.139999999999986,36.4,36.4,33.0,-1.9000000000000004,1,2010,1
Burundi,BDI,2016,321.3,285.0,250.86,256.94,36.30000000000001,39.9,36.4,33.0,-1.9000000000000004,1,2010,1
Burundi,BDI,2017,346.29,321.3,285.0,285.71999999999997,24.99000000000001,39.9,39.9,47.0,-7.100000000000001,1,2010,1
Burundi,BDI,2018,350.82,346.29,321.3,317.53,4.529999999999973,36.4,39.9,33.0,-1.9000000000000004,1,2010,1
Burundi,BDI,2019,345.28,350.82,346.29,339.46999999999997,-5.5400000000000205,36.4,36.4,33.0,-1.9000000000000004,1,2010,1
Burundi,BDI,2020,345.14,345.28,350.82,347.4633333333333,-0.13999999999998636,36.4,36.4,33.0,-1.9000000000000004,1,2020,1
Burundi,BDI,2021,349.97,345.14,345.28,347.08,4.830000000000041,36.4,36.4,33.0,-1.9000000000000004,1,2020,1
Burundi,BDI,2022,342.31,349.97,345.14,346.7966666666666,-7.660000000000025,36.4,36.4,33.0,-1.9000000000000004,1,2020,1
Burundi,BDI,2023,323.25,342.31,349.97,345.8066666666667,-19.060000000000002,36.4,36.4,33.0,-1.9000000000000004,1,2020,1
Cameroon,CMR,2000,394.85,248.98,251.04000000000002,253.8,-1.9499999999999886,1.0,36.4,66.0,-65.0,0,2000,1
Cameroon,CMR,2001,426.29,394.85,251.04000000000002,253.8,31.439999999999998,36.4,1.0,33.0,-1.9000000000000004,0,2000,1
Cameroon,CMR,2002,437.17,426.29,394.85,410.57000000000005,10.879999999999995,36.4,36.4,33.0,-1.9000000000000004,0,2000,1
Cameroon,CMR,2003,441.4,437.17,426.29,419.43666666666667,4.229999999999961,36.4,36.4,33.0,-1.9000000000000004,0,2000,1
Cameroon,CMR,2004,438.73,441.4,437.17,434.9533333333334,-2.669999999999959,1.1,36.4,66.3,-65.2,0,2000,1
Cameroon,CMR,2005,435.58,438.73,441.4,439.1000000000001,-3.150000000000034,36.4,1.1,33.0,-1.9000000000000004,0,2000,1
Cameroon,CMR,2006,425.95,435.58,438.73,438.57,-9.629999999999995,13.0,36.4,58.0,-45.0,0,2000,1
Cameroon,CMR,2007,409.95,425.95,435.58,433.42,-16.0,36.4,13.0,33.0,-1.9000000000000004,0,2000,1
Cameroon,CMR,2008,391.63,409.95,425.95,423.82666666666665,-18.319999999999993,36.4,36.4,33.0,-1.9000000000000004,0,2000,1
Cameroon,CMR,2009,351.15,391.63,409.95,409.1766666666667,-40.48000000000002,36.4,36.4,33.0,-1.9000000000000004,0,2000,1
Cameroon,CMR,2010,295.67,351.15,391.63,384.24333333333334,-55.47999999999996,36.4,36.4,33.0,-1.9000000000000004,0,2010,1
Cameroon,CMR,2011,266.6,295.67,351.15,346.1499999999999,-29.069999999999993,21.0,36.4,23.1,-2.1000000000000014,0,2010,1
Cameroon,CMR,2012,261.14,266.6,295.67,304.47333333333336,-5.460000000000036,36.4,21.0,33.0,-1.9000000000000004,0,2010,1
Cameroon,CMR,2013,271.1,261.14,266.6,274.46999999999997,9.960000000000036,36.4,36.4,33.0,-1.9000000000000004,0,2010,1
Cameroon,CMR,2014,272.51,271.1,261.14,266.28000000000003,1.4099999999999682,54.8,36.4,38.2,16.599999999999994,0,2010,1
Cameroon,CMR,2015,271.06,272.51,271.1,268.25,-1.4499999999999886,36.4,54.8,33.0,-1.9000000000000004,0,2010,1
Cameroon,CMR,2016,268.53,271.06,272.51,271.5566666666667,-2.5300000000000296,36.4,36.4,33.0,-1.9000000000000004,0,2010,1
Cameroon,CMR,2017,258.98,268.53,271.06,270.7,-9.549999999999955,36.4,36.4,33.0,-1.9000000000000004,0,2010,1
Cameroon,CMR,2018,248.98,258.98,268.53,266.19,-10.000000000000028,59.8,36.4,32.7,27.099999999999994,0,2010,1
Cameroon,CMR,2019,243.44,248.98,258.98,258.83,-5.539999999999992,36.4,59.8,33.0,-1.9000000000000004,0,2010,1
Cameroon,CMR,2020,264.81,243.44,248.98,250.46666666666667,21.370000000000005,36.4,36.4,33.0,-1.9000000000000004,0,2020,1
Cameroon,CMR,2021,270.65,264.81,243.44,252.41,5.839999999999975,36.4,36.4,33.0,-1.9000000000000004,0,2020,1
Cameroon,CMR,2022,265.03,270.65,264.81,259.6333333333333,-5.6200000000000045,36.4,36.4,33.0,-1.9000000000000004,0,2020,1
Cameroon,CMR,2023,259.08,265.03,270.65,266.83,-5.949999999999989,36.4,36.4,33.0,-1.9000000000000004,0,2020,1
Central African Republic,CAF,2000,438.12,248.98,251.04000000000002,253.8,-1.9499999999999886,2.0,36.4,69.0,-67.0,0,2000,1
Central African Republic,CAF,2001,438.51,438.12,251.04000000000002,253.8,0.38999999999998636,36.4,2.0,33.0,-1.9000000000000004,0,2000,1
Central African Republic,CAF,2002,447.85,438.51,438.12,438.315,9.340000000000032,36.4,36.4,33.0,-1.9000000000000004,0,2000,1
Central African Republic,CAF,2003,455.24,447.85,438.51,441.49333333333334,7.389999999999986,36.4,36.4,33.0,-1.9000000000000004,0,2000,1
Central African Republic,CAF,2004,461.27,455.24,447.85,447.2,6.029999999999973,36.4,36.4,33.0,-1.9000000000000004,0,2000,1
Central African Republic,CAF,2005,465.26,461.27,455.24,454.7866666666667,3.990000000000009,36.4,36.4,33.0,-1.9000000000000004,0,2000,1
Central African Republic,CAF,2006,467.93,465.26,461.27,460.59,2.670000000000016,15.0,36.4,57.0,-42.0,0,2000,1
Central African Republic,CAF,2007,467.59,467.93,465.26,464.82,-0.34000000000003183,36.4,15.0,33.0,-1.9000000000000004,0,2000,1
Central African Republic,CAF,2008,465.74,467.59,467.93,466.9266666666667,-1.849999999999966,36.4,36.4,33.0,-1.9000000000000004,0,2000,1
Central African Republic,CAF,2009,463.55,465.74,467.59,467.08666666666664,-2.1899999999999977,36.4,36.4,33.0,-1.9000000000000004,0,2000,1
Central African Republic,CAF,2010,453.11,463.55,465.74,465.6266666666666,-10.439999999999998,36.4,36.4,34.1,2.299999999999997,0,2010,1
Central African Republic,CAF,2011,443.04,453.11,463.55,460.8,-10.069999999999993,36.4,36.4,33.0,-1.9000000000000004,0,2010,1
Central African Republic,CAF,2012,434.79,443.04,453.11,453.23333333333335,-8.25,36.4,36.4,33.0,-1.9000000000000004,0,2010,1
Central African Republic,CAF,2013,427.32,434.79,443.04,443.6466666666667,-7.470000000000027,36.4,36.4,33.0,-1.9000000000000004,0,2010,1
Central African Republic,CAF,2014,420.39,427.32,434.79,435.05,-6.930000000000007,36.4,36.4,33.0,-1.9000000000000004,0,2010,1
Central African Republic,CAF,2015,410.31,420.39,427.32,427.5,-10.079999999999984,36.4,36.4,33.0,-1.9000000000000004,0,2010,1
Central African Republic,CAF,2016,395.97,410.31,420.39,419.34,-14.339999999999975,36.4,36.4,33.0,-1.9000000000000004,0,2010,1
Central African Republic,CAF,2017,387.44,395.97,410.31,408.89000000000004,-8.53000000000003,36.4,36.4,33.0,-1.9000000000000004,0,2010,1
Central African Republic,CAF,2018,385.26,387.44,395.97,397.9066666666667,-2.180000000000007,36.4,36.4,33.0,-1.9000000000000004,0,2010,1
Central African Republic,CAF,2019,383.29,385.26,387.44,389.5566666666667,-1.9699999999999704,50.6,36.4,33.0,-1.9000000000000004,0,2010,1
Central African Republic,CAF,2020,376.08,383.29,385.26,385.33,-7.210000000000036,36.4,50.6,33.0,-1.9000000000000004,0,2020,1
Central African Republic,CAF,2021,364.25,376.08,383.29,381.54333333333335,-11.829999999999984,36.4,36.4,33.0,-1.9000000000000004,0,2020,1
Central African Republic,CAF,2022,354.5,364.25,376.08,374.53999999999996,-9.75,36.4,36.4,33.0,-1.9000000000000004,0,2020,1
Central African Republic,CAF,2023,345.98,354.5,364.25,364.9433333333333,-8.519999999999982,36.4,36.4,33.0,-1.9000000000000004,0,2020,1
Chad,TCD,2000,272.13,248.98,251.04000000000002,253.8,-1.9499999999999886,1.0,36.4,32.0,-31.0,0,2000,0
Chad,TCD,2001,276.62,272.13,251.04000000000002,253.8,4.490000000000009,36.4,1.0,33.0,-1.9000000000000004,0,2000,0
Chad,TCD,2002,243.18,276.62,272.13,274.375,-33.44,36.4,36.4,33.0,-1.9000000000000004,0,2000,0
Chad,TCD,2003,240.34,243.18,276.62,263.9766666666667,-2.8400000000000034,36.4,36.4,33.0,-1.9000000000000004,0,2000,0
Chad,TCD,2004,237.39,240.34,243.18,253.38,-2.950000000000017,36.4,36.4,53.0,-1.9000000000000004,0,2000,0
Chad,TCD,2005,241.27,237.39,240.34,240.3033333333333,3.880000000000024,36.4,36.4,33.0,-1.9000000000000004,0,2000,0
Chad,TCD,2006,242.2,241.27,237.39,239.66666666666666,0.9299999999999784,36.4,36.4,33.0,-1.9000000000000004,0,2000,0
Chad,TCD,2007,236.14,242.2,241.27,240.28666666666663,-6.060000000000002,36.4,36.4,33.0,-1.9000000000000004,0,2000,0
Chad,TCD,2008,237.86,236.14,242.2,239.86999999999998,1.7200000000000273,36.4,36.4,33.0,-1.9000000000000004,0,2000,0
Chad,TCD,2009,245.1,237.86,236.14,238.73333333333335,7.239999999999981,36.4,36.4,33.0,-1.9000000000000004,0,2000,1
Chad,TCD,2010,244.66,245.1,237.86,239.70000000000002,-0.4399999999999977,9.8,36.4,42.7,-32.900000000000006,0,2010,1
Chad,TCD,2011,228.36,244.66,245.1,242.54,-16.299999999999983,36.4,9.8,33.0,-1.9000000000000004,0,2010,0
Chad,TCD,2012,215.47,228.36,244.66,239.37333333333333,-12.890000000000015,36.4,36.4,33.0,-1.9000000000000004,0,2010,0
Chad,TCD,2013,208.02,215.47,228.36,229.49666666666667,-7.449999999999989,36.4,36.4,33.0,-1.9000000000000004,0,2010,0
Chad,TCD,2014,212.01,208.02,215.47,217.28333333333333,3.9899999999999807,36.4,36.4,33.0,-1.9000000000000004,0,2010,0
Chad,TCD,2015,215.03,212.01,208.02,211.83333333333334,3.0200000000000102,36.4,36.4,26.9,9.5,0,2010,0
Chad,TCD,2016,214.3,215.03,212.01,211.68666666666664,-0.7299999999999898,36.4,36.4,33.0,-1.9000000000000004,0,2010,0
Chad,TCD,2017,217.09,214.3,215.03,213.78,2.789999999999992,36.4,36.4,33.0,-1.9000000000000004,0,2010,0
Chad,TCD,2018,224.99,217.09,214.3,215.47333333333336,7.900000000000006,36.4,36.4,33.0,-1.9000000000000004,0,2010,0
Chad,TCD,2019,217.22,224.99,217.09,218.79333333333338,-7.77000000000001,54.3,36.4,33.0,-1.9000000000000004,0,2010,0
Chad,TCD,2020,208.74,217.22,224.99,219.76666666666665,-8.47999999999999,36.4,54.3,33.0,-1.9000000000000004,0,2020,0
Chad,TCD,2021,206.65,208.74,217.22,216.98333333333335,-2.0900000000000034,36.4,36.4,33.0,-1.9000000000000004,0,2020,0
Chad,TCD,2022,209.09,206.65,208.74,210.87,2.4399999999999977,36.4,36.4,33.0,-1.9000000000000004,0,2020,0
Chad,TCD,2023,205.12,209.09,206.65,208.16,-3.969999999999999,36.4,36.4,33.0,-1.9000000000000004,0,2020,0
Comoros,COM,2000,66.37,248.98,251.04000000000002,253.8,-1.9499999999999886,9.0,36.4,63.0,-54.0,0,2000,0
Comoros,COM,2001,65.07,66.37,251.04000000000002,253.8,-1.3000000000000114,36.4,9.0,33.0,-1.9000000000000004,0,2000,0
Comoros,COM,2002,63.81,65.07,66.37,65.72,-1.259999999999991,36.4,36.4,33.0,-1.9000000000000004,0,2000,0
Comoros,COM,2003,62.56,63.81,65.07,65.08333333333333,-1.25,36.4,36.4,33.0,-1.9000000000000004,0,2000,0
Comoros,COM,2004,61.31,62.56,63.81,63.81333333333333,-1.25,36.4,36.4,33.0,-1.9000000000000004,0,2000,0
Comoros,COM,2005,60.09,61.31,62.56,62.56,-1.2199999999999989,36.4,36.4,33.0,-1.9000000000000004,0,2000,0
Comoros,COM,2006,58.91,60.09,61.31,61.32,-1.1800000000000068,36.4,36.4,33.0,-1.9000000000000004,0,2000,0
Comoros,COM,2007,57.75,58.91,60.09,60.10333333333333,-1.1599999999999966,36.4,36.4,33.0,-1.9000000000000004,0,2000,0
Comoros,COM,2008,56.61,57.75,58.91,58.916666666666664,-1.1400000000000006,36.4,36.4,33.0,-1.9000000000000004,0,2000,0
Comoros,COM,2009,55.49,56.61,57.75,57.75666666666666,-1.1199999999999974,36.4,36.4,33.0,-1.9000000000000004,0,2000,0
Comoros,COM,2010,55.8,55.49,56.61,56.61666666666667,0.30999999999999517,36.4,36.4,33.0,-1.9000000000000004,0,2010,0
Comoros,COM,2011,37.21,55.8,55.49,55.96666666666667,-18.589999999999996,36.4,36.4,33.0,-1.9000000000000004,0,2010,0
Comoros,COM,2012,73.12,37.21,55.8,49.5,35.910000000000004,41.1,36.4,26.7,14.400000000000002,0,2010,0
Comoros,COM,2013,76.35,73.12,37.21,55.376666666666665,3.2299999999999898,36.4,41.1,33.0,-1.9000000000000004,0,2010,0
Comoros,COM,2014,3.1,76.35,73.12,62.22666666666667,-73.25,36.4,36.4,33.0,-1.9000000000000004,0,2010,0
Comoros,COM,2015,2.59,3.1,76.35,50.85666666666666,-0.5100000000000002,36.4,36.4,33.0,-1.9000000000000004,0,2010,0
Comoros,COM,2016,1.98,2.59,3.1,27.346666666666664,-0.6099999999999999,36.4,36.4,33.0,-1.9000000000000004,0,2010,0
Comoros,COM,2017,5.15,1.98,2.59,2.5566666666666666,3.1700000000000004,36.4,36.4,33.0,-1.9000000000000004,0,2010,0
Comoros,COM,2018,19.68,5.15,1.98,3.24,14.53,36.4,36.4,33.0,-1.9000000000000004,0,2010,0
Comoros,COM,2019,22.37,19.68,5.15,8.936666666666667,2.6900000000000013,36.4,36.4,33.0,-1.9000000000000004,0,2010,0
Comoros,COM,2020,5.67,22.37,19.68,15.733333333333334,-16.700000000000003,36.4,36.4,33.0,-1.9000000000000004,0,2020,0
Comoros,COM,2021,12.88,5.67,22.37,15.906666666666668,7.210000000000001,36.4,36.4,33.0,-1.9000000000000004,0,2020,0
Comoros,COM,2022,24.78,12.88,5.67,13.64,11.9,36.4,36.4,33.0,-1.9000000000000004,0,2020,0
Comoros,COM,2023,24.75,24.78,12.88,14.443333333333335,-0.030000000000001137,36.4,36.4,33.0,-1.9000000000000004,0,2020,0
"Congo, Dem. Rep.",COD,2000,458.24,248.98,251.04000000000002,253.8,-1.9499999999999886,36.4,36.4,33.0,-1.9000000000000004,1,2000,1
"Congo, Dem. Rep.",COD,2001,457.6,458.24,251.04000000000002,253.8,-0.6399999999999864,1.0,36.4,52.0,-51.0,1,2000,1
"Congo, Dem. Rep.",COD,2002,460.7,457.6,458.24,457.92,3.099999999999966,36.4,1.0,33.0,-1.9000000000000004,1,2000,1
"Congo, Dem. Rep.",COD,2003,467.36,460.7,457.6,458.84666666666664,6.660000000000025,36.4,36.4,33.0,-1.9000000000000004,1,2000,1
"Congo, Dem. Rep.",COD,2004,467.62,467.36,460.7,461.8866666666667,0.2599999999999909,36.4,36.4,33.0,-1.9000000000000004,1,2000,1
"Congo, Dem. Rep.",COD,2005,468.33,467.62,467.36,465.2266666666667,0.7099999999999795,36.4,36.4,33.0,-1.9000000000000004,1,2000,1
"Congo, Dem. Rep.",COD,2006,464.8,468.33,467.62,467.77,-3.5299999999999727,36.4,36.4,33.0,-1.9000000000000004,1,2000,1
"Congo, Dem. Rep.",COD,2007,448.32,464.8,468.33,466.9166666666667,-16.480000000000018,5.8,36.4,29.8,-24.0,1,2000,1
"Congo, Dem. Rep.",COD,2008,429.83,448.32,464.8,460.4833333333333,-18.49000000000001,36.4,5.8,33.0,-1.9000000000000004,1,2000,1
"Congo, Dem. Rep.",COD,2009,405.23,429.83,448.32,447.65000000000003,-24.599999999999966,36.4,36.4,33.0,-1.9000000000000004,1,2000,1
"Congo, Dem. Rep.",COD,2010,381.32,405.23,429.83,427.79333333333335,-23.910000000000025,38.1,36.4,39.1,-1.0,1,2010,1
"Congo, Dem. Rep.",COD,2011,360.23,381.32,405.23,405.46000000000004,-21.089999999999975,36.4,38.1,33.0,-1.9000000000000004,1,2010,1
"Congo, Dem. Rep.",COD,2012,335.8,360.23,381.32,382.26000000000005,-24.430000000000007,36.4,36.4,33.0,-1.9000000000000004,1,2010,1
"Congo, Dem. Rep.",COD,2013,310.49,335.8,360.23,359.11666666666673,-25.310000000000002,36.4,36.4,33.0,-1.9000000000000004,1,2010,1
"Congo, Dem. Rep.",COD,2014,297.36,310.49,335.8,335.50666666666666,-13.129999999999995,55.8,36.4,29.2,26.599999999999998,1,2010,1
"Congo, Dem. Rep.",COD,2015,303.04,297.36,310.49,314.55,5.680000000000007,36.4,55.8,33.0,-1.9000000000000004,1,2010,1
"Congo, Dem. Rep.",COD,2016,310.28,303.04,297.36,303.63000000000005,7.239999999999952,36.4,36.4,33.0,-1.9000000000000004,1,2010,1
"Congo, Dem. Rep.",COD,2017,324.07,310.28,303.04,303.56,13.79000000000002,36.4,36.4,33.0,-1.9000000000000004,1,2010,1
"Congo, Dem. Rep.",COD,2018,337.42,324.07,310.28,312.4633333333333,13.350000000000023,51.0,36.4,33.0,-1.9000000000000004,1,2010,1
"Congo, Dem. Rep.",COD,2019,339.77,337.42,324.07,323.92333333333335,2.349999999999966,36.4,51.0,33.0,-1.9000000000000004,1,2010,1
"Congo, Dem. Rep.",COD,2020,338.92,339.77,337.42,333.75333333333333,-0.8499999999999659,36.4,36.4,33.0,-1.9000000000000004,1,2020,1
"Congo, Dem. Rep.",COD,2021,338.04,338.92,339.77,338.7033333333334,-0.8799999999999955,36.4,36.4,33.0,-1.9000000000000004,1,2020,1
"Congo, Dem. Rep.",COD,2022,327.94,338.04,338.92,338.91,-10.100000000000023,36.4,36.4,33.0,-1.9000000000000004,1,2020,1
"Congo, Dem. Rep.",COD,2023,325.29,327.94,338.04,334.9666666666667,-2.6499999999999773,36.4,36.4,33.0,-1.9000000000000004,1,2020,1
"Congo, Rep.",COG,2000,349.6,248.98,251.04000000000002,253.8,-1.9499999999999886,36.4,36.4,33.0,-1.9000000000000004,0,2000,0
"Congo, Rep.",COG,2001,349.06,349.6,251.04000000000002,253.8,-0.5400000000000205,36.4,36.4,33.0,-1.9000000000000004,0,2000,1
"Congo, Rep.",COG,2002,327.04,349.06,349.6,349.33000000000004,-22.019999999999982,36.4,36.4,33.0,-1.9000000000000004,0,2000,1
"Congo, Rep.",COG,2003,327.91,327.04,349.06,341.90000000000003,0.8700000000000045,36.4,36.4,33.0,-1.9000000000000004,0,2000,1
"Congo, Rep.",COG,2004,325.79,327.91,327.04,334.67,-2.1200000000000045,36.4,36.4,33.0,-1.9000000000000004,0,2000,1
"Congo, Rep.",COG,2005,309.02,325.79,327.91,326.91333333333336,-16.77000000000004,6.0,36.4,48.0,-42.0,0,2000,1
"Congo, Rep.",COG,2006,286.84,309.02,325.79,320.9066666666667,-22.180000000000007,36.4,6.0,33.0,-1.9000000000000004,0,2000,0
"Congo, Rep.",COG,2007,254.97,286.84,309.02,307.21666666666664,-31.869999999999976,36.4,36.4,33.0,-1.9000000000000004,0,2000,0
"Congo, Rep.",COG,2008,226.41,254.97,286.84,283.60999999999996,-28.560000000000002,36.4,36.4,33.0,-1.9000000000000004,0,2000,0
"Congo, Rep.",COG,2009,214.45,226.41,254.97,256.0733333333333,-11.960000000000008,36.4,36.4,33.0,-1.9000000000000004,0,2000,0
"Congo, Rep.",COG,2010,214.44,214.45,226.41,231.9433333333333,-0.009999999999990905,36.4,36.4,33.0,-1.9000000000000004,0,2010,0
"Congo, Rep.",COG,2011,215.68,214.44,214.45,218.4333333333333,1.240000000000009,36.4,36.4,33.0,-1.9000000000000004,0,2010,0
"Congo, Rep.",COG,2012,215.9,215.68,214.44,214.85666666666665,0.21999999999999886,31.5,36.4,25.0,6.5,0,2010,0
"Congo, Rep.",COG,2013,218.19,215.9,215.68,215.34,2.289999999999992,36.4,31.5,33.0,-1.9000000000000004,0,2010,0
"Congo, Rep.",COG,2014,213.06,218.19,215.9,216.59,-5.1299999999999955,36.4,36.4,33.0,-1.9000000000000004,0,2010,0
"Congo, Rep.",COG,2015,210.62,213.06,218.19,215.71666666666667,-2.4399999999999977,60.5,36.4,33.0,-1.9000000000000004,0,2010,0
"Congo, Rep.",COG,2016,215.75,210.62,213.06,213.95666666666668,5.1299999999999955,36.4,60.5,33.0,-1.9000000000000004,0,2010,0
"Congo, Rep.",COG,2017,235.9,215.75,210.62,213.14333333333332,20.150000000000006,36.4,36.4,33.0,-1.9000000000000004,0,2010,1
"Congo, Rep.",COG,2018,249.77,235.9,215.75,220.75666666666666,13.870000000000005,36.4,36.4,33.0,-1.9000000000000004,0,2010,1
"Congo, Rep.",COG,2019,245.94,249.77,235.9,233.8066666666667,-3.8300000000000125,36.4,36.4,33.0,-1.9000000000000004,0,2010,1
"Congo, Rep.",COG,2020,240.84,245.94,249.77,243.87,-5.099999999999994,36.4,36.4,33.0,-1.9000000000000004,0,2020,1
"Congo, Rep.",COG,2021,232.02,240.84,245.94,245.51666666666665,-8.819999999999993,36.4,36.4,33.0,-1.9000000000000004,0,2020,1
"Congo, Rep.",COG,2022,220.52,232.02,240.84,239.60000000000002,-11.5,36.4,36.4,33.0,-1.9000000000000004,0,2020,1
"Congo, Rep.",COG,2023,219.46,220.52,232.02,231.12666666666667,-1.0600000000000023,36.4,36.4,33.0,-1.9000000000000004,0,2020,1
Cote d'Ivoire,CIV,2000,490.52,248.98,251.04000000000002,253.8,-1.9499999999999886,1.0,36.4,58.0,-57.0,0,2000,1
Cote d'Ivoire,CIV,2001,502.24,490.52,251.04000000000002,253.8,11.720000000000027,36.4,1.0,33.0,-1.9000000000000004,0,2000,1
Cote d'Ivoire,CIV,2002,506.32,502.24,490.52,496.38,4.079999999999984,36.4,36.4,33.0,-1.9000000000000004,0,2000,1
Cote d'Ivoire,CIV,2003,509.61,506.32,502.24,499.6933333333333,3.2900000000000205,36.4,36.4,33.0,-1.9000000000000004,0,2000,1
Cote d'Ivoire,CIV,2004,500.36,509.61,506.32,506.0566666666667,-9.25,4.0,36.4,58.0,-54.0,0,2000,1
Cote d'Ivoire,CIV,2005,466.34,500.36,509.61,505.43,-34.02000000000004,1.3,4.0,33.0,-1.9000000000000004,0,2000,1
Cote d'Ivoire,CIV,2006,425.61,466.34,500.36,492.1033333333333,-40.72999999999996,3.0,1.3,36.0,-33.0,0,2000,1
Cote d'Ivoire,CIV,2007,391.51,425.61,466.34,464.1033333333333,-34.10000000000002,36.4,3.0,33.0,-1.9000000000000004,0,2000,1
Cote d'Ivoire,CIV,2008,392.97,391.51,425.61,427.82,1.4600000000000364,36.4,36.4,33.0,-1.9000000000000004,0,2000,1
Cote d'Ivoire,CIV,2009,426.16,392.97,391.51,403.3633333333334,33.19,36.4,36.4,33.0,-1.9000000000000004,0,2000,1
Cote d'Ivoire,CIV,2010,458.12,426.16,392.97,403.5466666666667,31.95999999999998,36.4,36.4,33.0,-1.9000000000000004,0,2010,1
Cote d'Ivoire,CIV,2011,461.58,458.12,426.16,425.75,3.4599999999999795,36.4,36.4,33.0,-1.9000000000000004,0,2010,1
Cote d'Ivoire,CIV,2012,375.19,461.58,458.12,448.62000000000006,-86.38999999999999,37.2,36.4,17.5,19.700000000000003,0,2010,1
Cote d'Ivoire,CIV,2013,287.39,375.19,461.58,431.62999999999994,-87.80000000000001,36.4,37.2,33.0,-1.9000000000000004,0,2010,1
Cote d'Ivoire,CIV,2014,243.25,287.39,375.19,374.72,-44.139999999999986,36.4,36.4,33.0,-1.9000000000000004,0,2010,1
Cote d'Ivoire,CIV,2015,242.12,243.25,287.39,301.9433333333333,-1.1299999999999955,36.4,36.4,33.0,-1.9000000000000004,0,2010,1
Cote d'Ivoire,CIV,2016,258.1,242.12,243.25,257.58666666666664,15.980000000000018,59.7,36.4,33.0,-1.9000000000000004,0,2010,1
Cote d'Ivoire,CIV,2017,268.54,258.1,242.12,247.82333333333335,10.439999999999998,36.4,59.7,33.0,-1.9000000000000004,0,2010,1
Cote d'Ivoire,CIV,2018,280.22,268.54,258.1,256.25333333333333,11.680000000000007,36.4,36.4,33.0,-1.9000000000000004,0,2010,1
Cote d'Ivoire,CIV,2019,292.76,280.22,268.54,268.9533333333334,12.539999999999964,36.4,36.4,33.0,-1.9000000000000004,0,2010,1
Cote d'Ivoire,CIV,2020,295.66,292.76,280.22,280.50666666666666,2.900000000000034,36.4,36.4,33.0,-1.9000000000000004,0,2020,1
Cote d'Ivoire,CIV,2021,283.64,295.66,292.76,289.5466666666667,-12.020000000000039,36.4,36.4,33.0,-1.9000000000000004,0,2020,1
Cote d'Ivoire,CIV,2022,280.87,283.64,295.66,290.68666666666667,-2.769999999999982,36.4,36.4,33.0,-1.9000000000000004,0,2020,1
Cote d'Ivoire,CIV,2023,269.25,280.87,283.64,286.7233333333333,-11.620000000000005,36.4,36.4,33.0,-1.9000000000000004,0,2020,1
Djibouti,DJI,2000,3.07,248.98,251.04000000000002,253.8,-1.9499999999999886,36.4,36.4,33.0,-1.9000000000000004,0,2000,0
Djibouti,DJI,2001,3.07,3.07,251.04000000000002,253.8,0.0,36.4,36.4,33.0,-1.9000000000000004,0,2000,0
Djibouti,DJI,2002,3.07,3.07,3.07,3.07,0.0,36.4,36.4,33.0,-1.9000000000000004,0,2000,0
Djibouti,DJI,2003,3.07,3.07,3.07,3.07,0.0,36.4,36.4,33.0,-1.9000000000000004,0,2000,0
Djibouti,DJI,2004,3.07,3.07,3.07,3.07,0.0,36.4,36.4,33.0,-1.9000000000000004,0,2000,0
Djibouti,DJI,2005,3.07,3.07,3.07,3.07,0.0,36.4,36.4,33.0,-1.9000000000000004,0,2000,0
Djibouti,DJI,2006,3.07,3.07,3.07,3.07,0.0,1.0,36.4,10.0,-9.0,0,2000,0
Djibouti,DJI,2007,3.07,3.07,3.07,3.07,0.0,36.4,1.0,33.0,-1.9000000000000004,0,2000,0
Djibouti,DJI,2008,3.07,3.07,3.07,3.07,0.0,36.4,36.4,33.0,-1.9000000000000004,0,2000,0
Djibouti,DJI,2009,3.93,3.07,3.07,3.07,0.8600000000000003,19.9,36.4,0.9,19.0,0,2000,0
Djibouti,DJI,2010,1.45,3.93,3.07,3.356666666666667,-2.4800000000000004,36.4,19.9,33.0,-1.9000000000000004,0,2010,0
Djibouti,DJI,2011,3.07,1.45,3.93,2.8166666666666664,1.6199999999999999,36.4,36.4,33.0,-1.9000000000000004,0,2010,0
Djibouti,DJI,2012,3.07,3.07,1.45,2.8166666666666664,0.0,36.4,36.4,33.0,-1.9000000000000004,0,2010,0
Djibouti,DJI,2013,2.28,3.07,3.07,2.53,-0.79,36.4,36.4,33.0,-1.9000000000000004,0,2010,0
Djibouti,DJI,2014,12.55,2.28,3.07,2.806666666666666,10.270000000000001,36.4,36.4,33.0,-1.9000000000000004,0,2010,0
Djibouti,DJI,2015,12.38,12.55,2.28,5.966666666666666,-0.16999999999999993,36.4,36.4,33.0,-1.9000000000000004,0,2010,0
Djibouti,DJI,2016,17.76,12.38,12.55,9.07,5.380000000000001,36.4,36.4,33.0,-1.9000000000000004,0,2010,0
Djibouti,DJI,2017,18.72,17.76,12.38,14.229999999999999,0.9599999999999973,36.4,36.4,33.0,-1.9000000000000004,0,2010,0
Djibouti,DJI,2018,30.91,18.72,17.76,16.286666666666665,12.190000000000001,36.4,36.4,33.0,-1.9000000000000004,0,2010,0
Djibouti,DJI,2019,60.51,30.91,18.72,22.463333333333335,29.599999999999998,36.4,36.4,33.0,-1.9000000000000004,0,2010,0
Djibouti,DJI,2020,88.72,60.51,30.91,36.71333333333333,28.21,36.4,36.4,33.0,-1.9000000000000004,0,2020,0
Djibouti,DJI,2021,70.07,88.72,60.51,60.04666666666666,-18.650000000000006,36.4,36.4,33.0,-1.9000000000000004,0,2020,0
Djibouti,DJI,2022,47.67,70.07,88.72,73.1,-22.39999999999999,36.4,36.4,33.0,-1.9000000000000004,0,2020,0
Djibouti,DJI,2023,45.04,47.67,70.07,68.82,-2.6300000000000026,36.4,36.4,33.0,-1.9000000000000004,0,2020,0
Equatorial Guinea,GNQ,2000,334.3,248.98,251.04000000000002,253.8,-1.9499999999999886,1.0,36.4,49.0,-48.0,0,2000,0
Equatorial Guinea,GNQ,2001,331.5,334.3,251.04000000000002,253.8,-2.8000000000000114,36.4,1.0,33.0,-1.9000000000000004,0,2000,0
Equatorial Guinea,GNQ,2002,325.04,331.5,334.3,332.9,-6.4599999999999795,36.4,36.4,33.0,-1.9000000000000004,0,2000,0
Equatorial Guinea,GNQ,2003,332.79,325.04,331.5,330.28000000000003,7.75,36.4,36.4,33.0,-1.9000000000000004,0,2000,1
Equatorial Guinea,GNQ,2004,346.23,332.79,325.04,329.77666666666664,13.439999999999998,36.4,36.4,33.0,-1.9000000000000004,0,2000,1
Equatorial Guinea,GNQ,2005,357.64,346.23,332.79,334.68666666666667,11.409999999999968,36.4,36.4,33.0,-1.9000000000000004,0,2000,1
Equatorial Guinea,GNQ,2006,356.69,357.64,346.23,345.55333333333334,-0.9499999999999886,36.4,36.4,33.0,-1.9000000000000004,0,2000,1
Equatorial Guinea,GNQ,2007,353.65,356.69,357.64,353.52,-3.0400000000000205,36.4,36.4,33.0,-1.9000000000000004,0,2000,1
Equatorial Guinea,GNQ,2008,332.63,353.65,356.69,355.99333333333334,-21.019999999999982,36.4,36.4,33.0,-1.9000000000000004,0,2000,1
Equatorial Guinea,GNQ,2009,303.16,332.63,353.65,347.6566666666666,-29.46999999999997,36.4,36.4,33.0,-1.9000000000000004,0,2000,1
Equatorial Guinea,GNQ,2010,288.37,303.16,332.63,329.81333333333333,-14.79000000000002,36.4,36.4,33.0,-1.9000000000000004,0,2010,1
Equatorial Guinea,GNQ,2011,290.83,288.37,303.16,308.05333333333334,2.4599999999999795,23.0,36.4,33.2,-10.200000000000003,0,2010,1
Equatorial Guinea,GNQ,2012,312.77,290.83,288.37,294.12,21.939999999999998,36.4,23.0,33.0,-1.9000000000000004,0,2010,1
Equatorial Guinea,GNQ,2013,333.66,312.77,290.83,297.3233333333333,20.890000000000043,36.4,36.4,33.0,-1.9000000000000004,0,2010,1
Equatorial Guinea,GNQ,2014,334.0,333.66,312.77,312.42,0.339999999999975,36.4,36.4,33.0,-1.9000000000000004,0,2010,1
Equatorial Guinea,GNQ,2015,333.82,334.0,333.66,326.81,-0.18000000000000682,36.4,36.4,33.0,-1.9000000000000004,0,2010,1
Equatorial Guinea,GNQ,2016,315.21,333.82,334.0,333.82666666666665,-18.610000000000014,36.4,36.4,33.0,-1.9000000000000004,0,2010,1
Equatorial Guinea,GNQ,2017,291.23,315.21,333.82,327.6766666666667,-23.97999999999996,36.4,36.4,33.0,-1.9000000000000004,0,2010,1
Equatorial Guinea,GNQ,2018,268.08,291.23,315.21,313.42,-23.150000000000034,36.4,36.4,33.0,-1.9000000000000004,0,2010,1
Equatorial Guinea,GNQ,2019,247.4,268.08,291.23,291.50666666666666,-20.67999999999998,36.4,36.4,33.0,-1.9000000000000004,0,2010,1
Equatorial Guinea,GNQ,2020,244.3,247.4,268.08,268.9033333333333,-3.0999999999999943,36.4,36.4,33.0,-1.9000000000000004,0,2020,1
Equatorial Guinea,GNQ,2021,239.58,244.3,247.4,253.26000000000002,-4.719999999999999,36.4,36.4,33.0,-1.9000000000000004,0,2020,1
Equatorial Guinea,GNQ,2022,237.56,239.58,244.3,243.76,-2.0200000000000102,36.4,36.4,33.0,-1.9000000000000004,0,2020,1
Equatorial Guinea,GNQ,2023,229.81,237.56,239.58,240.48000000000002,-7.75,36.4,36.4,33.0,-1.9000000000000004,0,2020,1
Eritrea,ERI,2000,19.0,248.98,251.04000000000002,253.8,-1.9499999999999886,36.4,36.4,33.0,-1.9000000000000004,0,2000,0
Eritrea,ERI,2001,23.56,19.0,251.04000000000002,253.8,4.559999999999999,36.4,36.4,33.0,-1.9000000000000004,0,2000,0
Eritrea,ERI,2002,13.72,23.56,19.0,21.28,-9.839999999999998,4.0,36.4,3.6,0.3999999999999999,0,2000,0
Eritrea,ERI,2003,19.84,13.72,23.56,18.76,6.119999999999999,36.4,4.0,33.0,-1.9000000000000004,0,2000,0
Eritrea,ERI,2004,5.81,19.84,13.72,19.04,-14.030000000000001,36.4,36.4,33.0,-1.9000000000000004,0,2000,0
Eritrea,ERI,2005,10.4,5.81,19.84,13.123333333333335,4.590000000000001,36.4,36.4,33.0,-1.9000000000000004,0,2000,0
Eritrea,ERI,2006,6.08,10.4,5.81,12.016666666666666,-4.32,36.4,36.4,33.0,-1.9000000000000004,0,2000,0
Eritrea,ERI,2007,13.69,6.08,10.4,7.43,7.609999999999999,36.4,36.4,33.0,-1.9000000000000004,0,2000,0
Eritrea,ERI,2008,7.37,13.69,6.08,10.056666666666667,-6.319999999999999,48.9,36.4,13.1,35.8,0,2000,0
Eritrea,ERI,2009,9.58,7.37,13.69,9.046666666666667,2.21,36.4,48.9,33.0,-1.9000000000000004,0,2000,0
Eritrea,ERI,2010,28.34,9.58,7.37,10.213333333333333,18.759999999999998,20.4,36.4,1.5,18.9,0,2010,0
Eritrea,ERI,2011,25.57,28.34,9.58,15.096666666666666,-2.7699999999999996,36.4,20.4,33.0,-1.9000000000000004,0,2010,0
Eritrea,ERI,2012,17.28,25.57,28.34,21.163333333333334,-8.29,36.4,36.4,33.0,-1.9000000000000004,0,2010,0
Eritrea,ERI,2013,16.04,17.28,25.57,23.73,-1.240000000000002,36.4,36.4,33.0,-1.9000000000000004,0,2010,0
Eritrea,ERI,2014,35.44,16.04,17.28,19.63,19.4,36.4,36.4,33.0,-1.9000000000000004,0,2010,0
Eritrea,ERI,2015,20.61,35.44,16.04,22.919999999999998,-14.829999999999998,36.4,36.4,33.0,-1.9000000000000004,0,2010,0
Eritrea,ERI,2016,27.7,20.61,35.44,24.03,7.09,36.4,36.4,33.0,-1.9000000000000004,0,2010,0
Eritrea,ERI,2017,36.8,27.7,20.61,27.916666666666668,9.099999999999998,36.4,36.4,33.0,-1.9000000000000004,0,2010,0
Eritrea,ERI,2018,31.23,36.8,27.7,28.37,-5.569999999999997,36.4,36.4,33.0,-1.9000000000000004,0,2010,0
Eritrea,ERI,2019,61.84,31.23,36.8,31.91,30.610000000000003,36.4,36.4,33.0,-1.9000000000000004,0,2010,0
Eritrea,ERI,2020,48.28,61.84,31.23,43.29,-13.560000000000002,36.4,36.4,33.0,-1.9000000000000004,0,2020,0
Eritrea,ERI,2021,27.74,48.28,61.84,47.116666666666674,-20.540000000000003,36.4,36.4,33.0,-1.9000000000000004,0,2020,0
Eritrea,ERI,2022,40.89,27.74,48.28,45.95333333333334,13.150000000000002,36.4,36.4,33.0,-1.9000000000000004,0,2020,0
Eritrea,ERI,2023,63.39,40.89,27.74,38.97,22.5,36.4,36.4,33.0,-1.9000000000000004,0,2020,0
Eswatini,SWZ,2000,2.7,248.98,251.04000000000002,253.8,-1.9499999999999886,0.0,36.4,26.0,-26.0,0,2000,0
Eswatini,SWZ,2001,4.74,2.7,251.04000000000002,253.8,2.04,36.4,0.0,33.0,-1.9000000000000004,0,2000,0
Eswatini,SWZ,2002,2.26,4.74,2.7,3.72,-2.4800000000000004,36.4,36.4,33.0,-1.9000000000000004,0,2000,0
Eswatini,SWZ,2003,1.15,2.26,4.74,3.233333333333333,-1.1099999999999999,36.4,36.4,33.0,-1.9000000000000004,0,2000,0
Eswatini,SWZ,2004,1.91,1.15,2.26,2.716666666666667,0.76,36.4,36.4,33.0,-1.9000000000000004,0,2000,0
Eswatini,SWZ,2005,0.92,1.91,1.15,1.7733333333333332,-0.9899999999999999,36.4,36.4,33.0,-1.9000000000000004,0,2000,0
Eswatini,SWZ,2006,0.51,0.92,1.91,1.3266666666666667,-0.41000000000000003,36.4,36.4,33.0,-1.9000000000000004,0,2000,0
Eswatini,SWZ,2007,0.28,0.51,0.92,1.1133333333333333,-0.22999999999999998,0.6,36.4,0.6,0.0,0,2000,0
Eswatini,SWZ,2008,0.19,0.28,0.51,0.57,-0.09000000000000002,36.4,0.6,33.0,-1.9000000000000004,0,2000,0
Eswatini,SWZ,2009,0.34,0.19,0.28,0.32666666666666666,0.15000000000000002,36.4,36.4,33.0,-1.9000000000000004,0,2000,0
Eswatini,SWZ,2010,0.86,0.34,0.19,0.27,0.52,1.5,36.4,1.7,-0.19999999999999996,0,2010,0
Eswatini,SWZ,2011,1.21,0.86,0.34,0.4633333333333334,0.35,36.4,1.5,33.0,-1.9000000000000004,0,2010,0
Eswatini,SWZ,2012,1.3,1.21,0.86,0.8033333333333333,0.09000000000000008,36.4,36.4,33.0,-1.9000000000000004,0,2010,0
Eswatini,SWZ,2013,2.3,1.3,1.21,1.1233333333333333,0.9999999999999998,36.4,36.4,33.0,-1.9000000000000004,0,2010,0
Eswatini,SWZ,2014,1.22,2.3,1.3,1.6033333333333333,-1.0799999999999998,36.4,36.4,33.0,-1.9000000000000004,0,2010,0
Eswatini,SWZ,2015,0.99,1.22,2.3,1.6066666666666665,-0.22999999999999998,36.4,36.4,33.0,-1.9000000000000004,0,2010,0
Eswatini,SWZ,2016,0.78,0.99,1.22,1.5033333333333332,-0.20999999999999996,36.4,36.4,33.0,-1.9000000000000004,0,2010,0
Eswatini,SWZ,2017,1.36,0.78,0.99,0.9966666666666667,0.5800000000000001,36.4,36.4,33.0,-1.9000000000000004,0,2010,0
Eswatini,SWZ,2018,2.1,1.36,0.78,1.0433333333333332,0.74,36.4,36.4,33.0,-1.9000000000000004,0,2010,0
Eswatini,SWZ,2019,0.76,2.1,1.36,1.4133333333333333,-1.34,36.4,36.4,33.0,-1.9000000000000004,0,2010,0
Eswatini,SWZ,2020,0.7,0.76,2.1,1.406666666666667,-0.06000000000000005,36.4,36.4,33.0,-1.9000000000000004,0,2020,0
Eswatini,SWZ,2021,1.49,0.7,0.76,1.1866666666666668,0.79,36.4,36.4,33.0,-1.9000000000000004,0,2020,0
Eswatini,SWZ,2022,0.63,1.49,0.7,0.9833333333333334,-0.86,36.4,36.4,33.0,-1.9000000000000004,0,2020,0
Eswatini,SWZ,2023,1.73,0.63,1.49,0.9400000000000003,1.1,36.4,36.4,33.0,-1.9000000000000004,0,2020,0
Ethiopia,ETH,2000,189.18,248.98,251.04000000000002,253.8,-1.9499999999999886,36.4,36.4,3.0,-1.9000000000000004,1,2000,0
Ethiopia,ETH,2001,210.9,189.18,251.04000000000002,253.8,21.72,36.4,36.4,33.0,-1.9000000000000004,1,2000,0
Ethiopia,ETH,2002,193.55,210.9,189.18,200.04000000000002,-17.349999999999994,36.4,36.4,33.0,-1.9000000000000004,1,2000,0
Ethiopia,ETH,2003,208.94,193.55,210.9,197.87666666666667,15.389999999999986,36.4,36.4,33.0,-1.9000000000000004,1,2000,0
Ethiopia,ETH,2004,217.88,208.94,193.55,204.46333333333334,8.939999999999998,36.4,36.4,33.0,-1.9000000000000004,1,2000,0
Ethiopia,ETH,2005,149.48,217.88,208.94,206.79,-68.4,1.5,36.4,3.7,-2.2,1,2000,0
Ethiopia,ETH,2006,138.01,149.48,217.88,192.1,-11.469999999999999,36.4,1.5,33.0,-1.9000000000000004,1,2000,0
Ethiopia,ETH,2007,116.37,138.01,149.48,168.45666666666668,-21.639999999999986,33.0,36.4,10.0,23.0,1,2000,0
Ethiopia,ETH,2008,96.3,116.37,138.01,134.62,-20.070000000000007,36.4,33.0,33.0,-1.9000000000000004,1,2000,0
Ethiopia,ETH,2009,133.79,96.3,116.37,116.89333333333333,37.489999999999995,36.4,36.4,33.0,-1.9000000000000004,1,2000,0
Ethiopia,ETH,2010,153.84,133.79,96.3,115.48666666666666,20.05000000000001,36.4,36.4,33.0,-1.9000000000000004,1,2010,0
Ethiopia,ETH,2011,143.7,153.84,133.79,127.97666666666665,-10.140000000000015,30.1,36.4,3.6,26.5,1,2010,0
Ethiopia,ETH,2012,159.67,143.7,153.84,143.77666666666664,15.969999999999999,36.4,30.1,33.0,-1.9000000000000004,1,2010,0
Ethiopia,ETH,2013,184.1,159.67,143.7,152.40333333333334,24.430000000000007,36.4,36.4,33.0,-1.9000000000000004,1,2010,0
Ethiopia,ETH,2014,144.07,184.1,159.67,162.49,-40.03,36.4,36.4,33.0,-1.9000000000000004,1,2010,0
Ethiopia,ETH,2015,130.06,144.07,184.1,162.61333333333332,-14.009999999999991,45.3,36.4,33.0,-1.9000000000000004,1,2010,0
Ethiopia,ETH,2016,92.89,130.06,144.07,152.74333333333334,-37.17,36.4,45.3,7.7,-1.9000000000000004,1,2010,0
Ethiopia,ETH,2017,70.71,92.89,130.06,122.33999999999999,-22.180000000000007,36.4,36.4,33.0,-1.9000000000000004,1,2010,0
Ethiopia,ETH,2018,36.46,70.71,92.89,97.88666666666666,-34.24999999999999,36.4,36.4,33.0,-1.9000000000000004,1,2010,0
Ethiopia,ETH,2019,33.61,36.46,70.71,66.68666666666667,-2.8500000000000014,36.4,36.4,33.0,-1.9000000000000004,1,2010,0
Ethiopia,ETH,2020,52.28,33.61,36.46,46.92666666666667,18.67,36.4,36.4,33.0,-1.9000000000000004,1,2020,0
Ethiopia,ETH,2021,45.56,52.28,33.61,40.78333333333333,-6.719999999999999,36.4,36.4,33.0,-1.9000000000000004,1,2020,0
Ethiopia,ETH,2022,59.89,45.56,52.28,43.81666666666666,14.329999999999998,36.4,36.4,33.0,-1.9000000000000004,1,2020,0
Ethiopia,ETH,2023,109.24,59.89,45.56,52.576666666666675,49.349999999999994,36.4,36.4,33.0,-1.9000000000000004,1,2020,0
Gabon,GAB,2000,364.66,248.98,251.04000000000002,253.8,-1.9499999999999886,36.4,36.4,33.0,-1.9000000000000004,0,2000,1
Gabon,GAB,2001,353.69,364.66,251.04000000000002,253.8,-10.970000000000027,36.4,36.4,33.0,-1.9000000000000004,0,2000,1
Gabon,GAB,2002,323.31,353.69,364.66,359.175,-30.379999999999995,36.4,36.4,33.0,-1.9000000000000004,0,2000,0
Gabon,GAB,2003,259.04,323.31,353.69,347.22,-64.26999999999998,36.4,36.4,33.0,-1.9000000000000004,0,2000,0
Gabon,GAB,2004,196.66,259.04,323.31,312.0133333333333,-62.380000000000024,36.4,36.4,33.0,-1.9000000000000004,0,2000,0
Gabon,GAB,2005,158.04,196.66,259.04,259.67,-38.620000000000005,36.4,36.4,33.0,-1.9000000000000004,0,2000,0
Gabon,GAB,2006,131.79,158.04,196.66,204.58,-26.25,36.4,36.4,33.0,-1.9000000000000004,0,2000,0
Gabon,GAB,2007,121.2,131.79,158.04,162.16333333333333,-10.58999999999999,36.4,36.4,33.0,-1.9000000000000004,0,2000,0
Gabon,GAB,2008,124.41,121.2,131.79,137.01000000000002,3.2099999999999937,55.1,36.4,33.0,-1.9000000000000004,0,2000,0
Gabon,GAB,2009,147.03,124.41,121.2,125.8,22.620000000000005,36.4,55.1,33.0,-1.9000000000000004,0,2000,0
Gabon,GAB,2010,177.88,147.03,124.41,130.88,30.849999999999994,36.4,36.4,33.0,-1.9000000000000004,0,2010,0
Gabon,GAB,2011,195.4,177.88,147.03,149.77333333333334,17.52000000000001,36.4,36.4,33.0,-1.9000000000000004,0,2010,0
Gabon,GAB,2012,200.15,195.4,177.88,173.43666666666664,4.75,38.8,36.4,25.9,12.899999999999999,0,2010,0
Gabon,GAB,2013,199.19,200.15,195.4,191.14333333333335,-0.960000000000008,36.4,38.8,33.0,-1.9000000000000004,0,2010,0
Gabon,GAB,2014,193.87,199.19,200.15,198.24666666666667,-5.319999999999993,36.4,36.4,33.0,-1.9000000000000004,0,2010,0
Gabon,GAB,2015,185.36,193.87,199.19,197.73666666666668,-8.509999999999991,36.4,36.4,33.0,-1.9000000000000004,0,2010,0
Gabon,GAB,2016,182.55,185.36,193.87,192.8066666666667,-2.8100000000000023,36.4,36.4,33.0,-1.9000000000000004,0,2010,0
Gabon,GAB,2017,184.66,182.55,185.36,187.26000000000002,2.109999999999985,36.4,36.4,33.0,-1.9000000000000004,0,2010,0
Gabon,GAB,2018,186.73,184.66,182.55,184.19000000000003,2.069999999999993,36.4,36.4,33.0,-1.9000000000000004,0,2010,0
Gabon,GAB,2019,190.72,186.73,184.66,184.64666666666668,3.990000000000009,36.4,36.4,33.0,-1.9000000000000004,0,2010,0
Gabon,GAB,2020,193.57,190.72,186.73,187.37,2.8499999999999943,36.4,36.4,33.0,-1.9000000000000004,0,2020,0
Gabon,GAB,2021,189.19,193.57,190.72,190.34,-4.3799999999999955,36.4,36.4,33.0,-1.9000000000000004,0,2020,0
Gabon,GAB,2022,188.68,189.19,193.57,191.16,-0.5099999999999909,36.4,36.4,33.0,-1.9000000000000004,0,2020,0
Gabon,GAB,2023,191.3,188.68,189.19,190.48000000000002,2.6200000000000045,36.4,36.4,33.0,-1.9000000000000004,0,2020,0
"Gambia, The",GMB,2000,309.72,248.98,251.04000000000002,253.8,-1.9499999999999886,15.0,36.4,55.0,-40.0,0,2000,0
"Gambia, The",GMB,2001,301.46,309.72,251.04000000000002,253.8,-8.260000000000048,36.4,15.0,33.0,-1.9000000000000004,0,2000,0
"Gambia, The",GMB,2002,293.32,301.46,309.72,305.59000000000003,-8.139999999999986,36.4,36.4,33.0,-1.9000000000000004,0,2000,0
"Gambia, The",GMB,2003,285.25,293.32,301.46,301.5,-8.069999999999993,36.4,36.4,33.0,-1.9000000000000004,0,2000,0
"Gambia, The",GMB,2004,277.25,285.25,293.32,293.3433333333333,-8.0,36.4,36.4,33.0,-1.9000000000000004,0,2000,0
"Gambia, The",GMB,2005,269.36,277.25,285.25,285.2733333333333,-7.889999999999986,36.4,36.4,33.0,-1.9000000000000004,0,2000,0
"Gambia, The",GMB,2006,261.65,269.36,277.25,277.2866666666667,-7.710000000000036,49.0,36.4,63.0,-14.0,0,2000,0
"Gambia, The",GMB,2007,254.15,261.65,269.36,269.42,-7.499999999999972,36.4,49.0,33.0,-1.9000000000000004,0,2000,0
"Gambia, The",GMB,2008,246.86,254.15,261.65,261.71999999999997,-7.289999999999992,36.4,36.4,33.0,-1.9000000000000004,0,2000,1
"Gambia, The",GMB,2009,239.74,246.86,254.15,254.22,-7.1200000000000045,36.4,36.4,33.0,-1.9000000000000004,0,2000,0
"Gambia, The",GMB,2010,232.81,239.74,246.86,246.91666666666666,-6.930000000000007,33.3,36.4,30.2,3.099999999999998,0,2010,0
"Gambia, The",GMB,2011,238.87,232.81,239.74,239.80333333333337,6.060000000000002,36.4,33.3,33.0,-1.9000000000000004,0,2010,1
"Gambia, The",GMB,2012,256.47,238.87,232.81,237.14000000000001,17.600000000000023,36.4,36.4,33.0,-1.9000000000000004,0,2010,1
"Gambia, The",GMB,2013,204.12,256.47,238.87,242.7166666666667,-52.35000000000002,47.0,36.4,6.7,40.3,0,2010,0
"Gambia, The",GMB,2014,140.32,204.12,256.47,233.15333333333334,-63.80000000000001,36.4,47.0,33.0,-1.9000000000000004,0,2010,0
"Gambia, The",GMB,2015,202.51,140.32,204.12,200.30333333333337,62.19,36.4,36.4,33.0,-1.9000000000000004,0,2010,0
"Gambia, The",GMB,2016,130.07,202.51,140.32,182.3166666666667,-72.44,36.4,36.4,33.0,-1.9000000000000004,0,2010,0
"Gambia, The",GMB,2017,63.21,130.07,202.51,157.63333333333333,-66.85999999999999,62.4,36.4,33.0,-1.9000000000000004,0,2010,0
"Gambia, The",GMB,2018,81.75,63.21,130.07,131.92999999999998,18.54,56.0,62.4,33.0,-1.9000000000000004,0,2010,0
"Gambia, The",GMB,2019,44.76,81.75,63.21,91.67666666666666,-36.99,36.4,56.0,33.0,-1.9000000000000004,0,2010,0
"Gambia, The",GMB,2020,83.83,44.76,81.75,63.24,39.07,44.0,36.4,3.5,40.5,0,2020,0
"Gambia, The",GMB,2021,62.48,83.83,44.76,70.11333333333333,-21.35,36.4,44.0,33.0,-1.9000000000000004,0,2020,0
"Gambia, The",GMB,2022,95.52,62.48,83.83,63.69,33.04,36.4,36.4,33.0,-1.9000000000000004,0,2020,0
"Gambia, The",GMB,2023,87.51,95.52,62.48,80.61,-8.009999999999991,36.4,36.4,33.0,-1.9000000000000004,0,2020,0
Ghana,GHA,2000,430.36,248.98,251.04000000000002,253.8,-1.9499999999999886,36.4,36.4,61.0,-1.9000000000000004,0,2000,1
Ghana,GHA,2001,411.18,430.36,251.04000000000002,253.8,-19.180000000000007,36.4,36.4,33.0,-1.9000000000000004,0,2000,1
Ghana,GHA,2002,392.1,411.18,430.36,420.77,-19.079999999999984,36.4,36.4,33.0,-1.9000000000000004,0,2000,1
Ghana,GHA,2003,365.98,392.1,411.18,411.21333333333337,-26.120000000000005,3.9,36.4,62.8,-58.9,0,2000,1
Ghana,GHA,2004,340.21,365.98,392.1,389.75333333333333,-25.77000000000004,36.4,3.9,33.0,-1.9000000000000004,0,2000,1
Ghana,GHA,2005,323.73,340.21,365.98,366.09666666666664,-16.47999999999996,36.4,36.4,33.0,-1.9000000000000004,0,2000,1
Ghana,GHA,2006,311.34,323.73,340.21,343.3066666666667,-12.390000000000043,22.0,36.4,61.0,-39.0,0,2000,1
Ghana,GHA,2007,305.83,311.34,323.73,325.0933333333333,-5.509999999999991,36.4,22.0,33.0,-1.9000000000000004,0,2000,1
Ghana,GHA,2008,314.58,305.83,311.34,313.6333333333333,8.75,38.7,36.4,43.0,-4.299999999999997,0,2000,1
Ghana,GHA,2009,340.42,314.58,305.83,310.5833333333333,25.840000000000032,36.4,38.7,33.0,-1.9000000000000004,0,2000,1
Ghana,GHA,2010,366.4,340.42,314.58,320.2766666666667,25.97999999999996,36.4,36.4,33.0,-1.9000000000000004,0,2010,1
Ghana,GHA,2011,375.14,366.4,340.42,340.46666666666664,8.740000000000009,39.0,36.4,52.6,-13.600000000000001,0,2010,1
Ghana,GHA,2012,367.32,375.14,366.4,360.65333333333336,-7.819999999999993,36.4,39.0,33.0,-1.9000000000000004,0,2010,1
Ghana,GHA,2013,344.33,367.32,375.14,369.61999999999995,-22.99000000000001,36.4,36.4,33.0,-1.9000000000000004,0,2010,1
Ghana,GHA,2014,313.81,344.33,367.32,362.2633333333333,-30.519999999999982,46.6,36.4,48.5,-1.8999999999999986,0,2010,1
Ghana,GHA,2015,275.99,313.81,344.33,341.82,-37.81999999999999,36.4,46.6,33.0,-1.9000000000000004,0,2010,1
Ghana,GHA,2016,244.92,275.99,313.81,311.3766666666667,-31.07000000000002,52.2,36.4,50.1,2.1000000000000014,0,2010,1
Ghana,GHA,2017,226.19,244.92,275.99,278.24,-18.72999999999999,36.4,52.2,33.0,-1.9000000000000004,0,2010,0
Ghana,GHA,2018,212.76,226.19,244.92,249.03333333333333,-13.430000000000007,48.6,36.4,33.0,-1.9000000000000004,0,2010,0
Ghana,GHA,2019,215.27,212.76,226.19,227.95666666666668,2.5100000000000193,54.1,48.6,45.9,8.200000000000003,0,2010,0
Ghana,GHA,2020,219.63,215.27,212.76,218.07333333333335,4.359999999999985,36.4,54.1,33.0,-1.9000000000000004,0,2020,0
Ghana,GHA,2021,212.47,219.63,215.27,215.88666666666666,-7.159999999999997,36.4,36.4,33.0,-1.9000000000000004,0,2020,0
Ghana,GHA,2022,210.79,212.47,219.63,215.79,-1.6800000000000068,36.4,36.4,33.0,-1.9000000000000004,0,2020,0
Ghana,GHA,2023,194.92,210.79,212.47,214.29666666666665,-15.870000000000005,36.4,36.4,33.0,-1.9000000000000004,0,2020,0
Guinea,GIN,2000,415.77,248.98,251.04000000000002,253.8,-1.9499999999999886,36.4,36.4,33.0,-1.9000000000000004,0,2000,1
Guinea,GIN,2001,414.39,415.77,251.04000000000002,253.8,-1.3799999999999955,36.4,36.4,33.0,-1.9000000000000004,0,2000,1
Guinea,GIN,2002,418.97,414.39,415.77,415.08,4.580000000000041,36.4,36.4,33.0,-1.9000000000000004,0,2000,1
Guinea,GIN,2003,425.18,418.97,414.39,416.3766666666667,6.2099999999999795,4.0,36.4,56.0,-52.0,0,2000,1
Guinea,GIN,2004,425.36,425.18,418.97,419.5133333333333,0.18000000000000682,36.4,4.0,33.0,-1.9000000000000004,0,2000,1
Guinea,GIN,2005,420.24,425.36,425.18,423.17,-5.1200000000000045,1.4,36.4,43.5,-42.1,0,2000,1
Guinea,GIN,2006,404.99,420.24,425.36,423.5933333333333,-15.25,36.4,1.4,33.0,-1.9000000000000004,0,2000,1
Guinea,GIN,2007,384.49,404.99,420.24,416.8633333333333,-20.5,5.0,36.4,74.0,-69.0,0,2000,1
Guinea,GIN,2008,378.78,384.49,404.99,403.24,-5.710000000000036,5.0,5.0,33.0,-1.9000000000000004,0,2000,1
Guinea,GIN,2009,393.8,378.78,384.49,389.42,15.020000000000039,36.4,5.0,33.0,-1.9000000000000004,0,2000,1
Guinea,GIN,2010,415.74,393.8,378.78,385.69000000000005,21.939999999999998,36.4,36.4,33.0,-1.9000000000000004,0,2010,1
Guinea,GIN,2011,428.78,415.74,393.8,396.10666666666674,13.039999999999964,36.4,36.4,33.0,-1.9000000000000004,0,2010,1
Guinea,GIN,2012,431.75,428.78,415.74,412.77333333333337,2.9700000000000273,26.0,36.4,28.1,-2.1000000000000014,0,2010,1
Guinea,GIN,2013,413.73,431.75,428.78,425.42333333333335,-18.019999999999982,36.4,26.0,33.0,-1.9000000000000004,0,2010,1
Guinea,GIN,2014,396.69,413.73,431.75,424.75333333333333,-17.04000000000002,36.4,36.4,33.0,-1.9000000000000004,0,2010,1
Guinea,GIN,2015,384.39,396.69,413.73,414.0566666666667,-12.300000000000011,36.4,36.4,33.0,-1.9000000000000004,0,2010,1
Guinea,GIN,2016,366.52,384.39,396.69,398.27,-17.870000000000005,67.9,36.4,33.0,-1.9000000000000004,0,2010,1
Guinea,GIN,2017,358.48,366.52,384.39,382.5333333333333,-8.039999999999964,36.4,67.9,33.0,-1.9000000000000004,0,2010,1
Guinea,GIN,2018,350.28,358.48,366.52,369.7966666666666,-8.200000000000045,26.6,36.4,24.8,1.8000000000000007,0,2010,1
Guinea,GIN,2019,321.2,350.28,358.48,358.4266666666667,-29.079999999999984,36.4,26.6,33.0,-1.9000000000000004,0,2010,1
Guinea,GIN,2020,304.94,321.2,350.28,343.32,-16.25999999999999,36.4,36.4,33.0,-1.9000000000000004,0,2020,1
Guinea,GIN,2021,294.45,304.94,321.2,325.47333333333336,-10.490000000000009,38.2,36.4,31.4,6.800000000000004,0,2020,1
Guinea,GIN,2022,285.7,294.45,304.94,306.86333333333334,-8.75,36.4,38.2,33.0,-1.9000000000000004,0,2020,1
Guinea,GIN,2023,285.5,285.7,294.45,295.03,-0.19999999999998863,36.4,36.4,33.0,-1.9000000000000004,0,2020,1
Guinea-Bissau,GNB,2000,396.46,248.98,251.04000000000002,253.8,-1.9499999999999886,7.0,36.4,58.0,-51.0,0,2000,1
Guinea-Bissau,GNB,2001,320.17,396.46,251.04000000000002,253.8,-76.28999999999996,36.4,7.0,33.0,-1.9000000000000004,0,2000,0
Guinea-Bissau,GNB,2002,251.22,320.17,396.46,358.315,-68.95000000000002,36.4,36.4,33.0,-1.9000000000000004,0,2000,0
Guinea-Bissau,GNB,2003,182.29,251.22,320.17,322.6166666666667,-68.93,36.4,36.4,33.0,-1.9000000000000004,0,2000,0
Guinea-Bissau,GNB,2004,121.23,182.29,251.22,251.2266666666667,-61.05999999999999,36.4,36.4,33.0,-1.9000000000000004,0,2000,0
Guinea-Bissau,GNB,2005,93.26,121.23,182.29,184.91333333333333,-27.97,36.4,36.4,33.0,-1.9000000000000004,0,2000,0
Guinea-Bissau,GNB,2006,78.21,93.26,121.23,132.26,-15.050000000000011,39.0,36.4,46.0,-7.0,0,2000,0
Guinea-Bissau,GNB,2007,76.5,78.21,93.26,97.56666666666666,-1.7099999999999937,36.4,39.0,33.0,-1.9000000000000004,0,2000,0
Guinea-Bissau,GNB,2008,87.5,76.5,78.21,82.65666666666665,11.0,36.4,36.4,33.0,-1.9000000000000004,0,2000,0
Guinea-Bissau,GNB,2009,106.34,87.5,76.5,80.73666666666666,18.840000000000003,36.4,36.4,33.0,-1.9000000000000004,0,2000,0
Guinea-Bissau,GNB,2010,124.54,106.34,87.5,90.11333333333334,18.200000000000003,35.5,36.4,51.2,-15.700000000000003,0,2010,0
Guinea-Bissau,GNB,2011,129.31,124.54,106.34,106.12666666666667,4.769999999999996,36.4,35.5,33.0,-1.9000000000000004,0,2010,0
Guinea-Bissau,GNB,2012,126.55,129.31,124.54,120.06333333333335,-2.760000000000005,36.4,36.4,33.0,-1.9000000000000004,0,2010,0
Guinea-Bissau,GNB,2013,120.88,126.55,129.31,126.8,-5.670000000000002,36.4,36.4,33.0,-1.9000000000000004,0,2010,0
Guinea-Bissau,GNB,2014,105.73,120.88,126.55,125.58,-15.149999999999991,80.6,36.4,28.0,52.599999999999994,0,2010,0
Guinea-Bissau,GNB,2015,89.59,105.73,120.88,117.71999999999998,-16.14,36.4,80.6,33.0,-1.9000000000000004,0,2010,0
Guinea-Bissau,GNB,2016,74.16,89.59,105.73,105.39999999999999,-15.430000000000007,36.4,36.4,33.0,-1.9000000000000004,0,2010,0
Guinea-Bissau,GNB,2017,70.21,74.16,89.59,89.82666666666667,-3.950000000000003,36.4,36.4,33.0,-1.9000000000000004,0,2010,0
Guinea-Bissau,GNB,2018,71.68,70.21,74.16,77.98666666666666,1.470000000000013,36.4,36.4,33.0,-1.9000000000000004,0,2010,0
Guinea-Bissau,GNB,2019,87.1,71.68,70.21,72.01666666666667,15.419999999999987,93.6,36.4,33.0,-1.9000000000000004,0,2010,0
Guinea-Bissau,GNB,2020,95.17,87.1,71.68,76.33,8.070000000000007,36.4,93.6,33.0,-1.9000000000000004,0,2020,0
Guinea-Bissau,GNB,2021,98.71,95.17,87.1,84.65,3.539999999999992,36.4,36.4,33.0,-1.9000000000000004,0,2020,0
Guinea-Bissau,GNB,2022,97.61,98.71,95.17,93.65999999999998,-1.0999999999999943,36.4,36.4,33.0,-1.9000000000000004,0,2020,0
Guinea-Bissau,GNB,2023,97.81,97.61,98.71,97.16333333333334,0.20000000000000284,36.4,36.4,33.0,-1.9000000000000004,0,2020,0
Kenya,KEN,2000,220.26,248.98,251.04000000000002,253.8,-1.9499999999999886,3.0,36.4,65.0,-62.0,1,2000,0
Kenya,KEN,2001,243.23,220.26,251.04000000000002,253.8,22.97,36.4,3.0,33.0,-1.9000000000000004,1,2000,0
Kenya,KEN,2002,227.55,243.23,220.26,231.745,-15.679999999999978,36.4,36.4,33.0,-1.9000000000000004,1,2000,0
Kenya,KEN,2003,220.14,227.55,243.23,230.34666666666666,-7.410000000000025,6.0,36.4,26.2,-20.2,1,2000,0
Kenya,KEN,2004,184.42,220.14,227.55,230.30666666666664,-35.72,36.4,6.0,33.0,-1.9000000000000004,1,2000,0
Kenya,KEN,2005,138.92,184.42,220.14,210.7033333333333,-45.5,36.4,36.4,33.0,-1.9000000000000004,1,2000,0
Kenya,KEN,2006,125.53,138.92,184.42,181.16,-13.389999999999986,36.4,36.4,33.0,-1.9000000000000004,1,2000,0
Kenya,KEN,2007,94.84,125.53,138.92,149.62333333333333,-30.689999999999998,36.4,36.4,33.0,-1.9000000000000004,1,2000,0
Kenya,KEN,2008,79.78,94.84,125.53,119.76333333333332,-15.060000000000002,36.4,36.4,33.0,-1.9000000000000004,1,2000,0
Kenya,KEN,2009,77.6,79.78,94.84,100.05,-2.180000000000007,46.7,36.4,23.2,23.500000000000004,1,2000,0
Kenya,KEN,2010,80.27,77.6,79.78,84.07333333333334,2.6700000000000017,42.2,46.7,33.0,-1.9000000000000004,1,2010,0
Kenya,KEN,2011,82.58,80.27,77.6,79.21666666666665,2.3100000000000023,36.4,42.2,33.0,-1.9000000000000004,1,2010,0
Kenya,KEN,2012,84.23,82.58,80.27,80.14999999999999,1.6500000000000057,36.4,36.4,33.0,-1.9000000000000004,1,2010,0
Kenya,KEN,2013,85.44,84.23,82.58,82.36,1.2099999999999937,36.4,36.4,33.0,-1.9000000000000004,1,2010,0
Kenya,KEN,2014,84.43,85.44,84.23,84.08333333333333,-1.009999999999991,54.3,36.4,27.0,27.299999999999997,1,2010,0
Kenya,KEN,2015,81.8,84.43,85.44,84.7,-2.6300000000000097,56.1,54.3,27.1,29.0,1,2010,0
Kenya,KEN,2016,77.26,81.8,84.43,83.89,-4.539999999999992,36.4,56.1,33.0,-1.9000000000000004,1,2010,0
Kenya,KEN,2017,76.85,77.26,81.8,81.16333333333334,-0.4100000000000108,36.4,36.4,33.0,-1.9000000000000004,1,2010,0
Kenya,KEN,2018,74.15,76.85,77.26,78.63666666666667,-2.6999999999999886,36.4,36.4,33.0,-1.9000000000000004,1,2010,0
Kenya,KEN,2019,71.67,74.15,76.85,76.08666666666666,-2.480000000000004,36.4,36.4,33.0,-1.9000000000000004,1,2010,0
Kenya,KEN,2020,85.0,71.67,74.15,74.22333333333334,13.329999999999998,42.0,36.4,20.2,21.8,1,2020,0
Kenya,KEN,2021,88.69,85.0,71.67,76.94,3.6899999999999977,36.4,42.0,33.0,-1.9000000000000004,1,2020,0
Kenya,KEN,2022,82.09,88.69,85.0,81.78666666666668,-6.599999999999994,36.4,36.4,33.0,-1.9000000000000004,1,2020,0
Kenya,KEN,2023,73.77,82.09,88.69,85.26,-8.320000000000007,36.4,36.4,33.0,-1.9000000000000004,1,2020,0
Liberia,LBR,2000,397.08,248.98,251.04000000000002,253.8,-1.9499999999999886,36.4,36.4,33.0,-1.9000000000000004,0,2000,1
Liberia,LBR,2001,406.05,397.08,251.04000000000002,253.8,8.970000000000027,36.4,36.4,33.0,-1.9000000000000004,0,2000,1
Liberia,LBR,2002,415.53,406.05,397.08,401.565,9.479999999999961,36.4,36.4,33.0,-1.9000000000000004,0,2000,1
Liberia,LBR,2003,423.21,415.53,406.05,406.21999999999997,7.680000000000007,36.4,36.4,33.0,-1.9000000000000004,0,2000,1
Liberia,LBR,2004,406.13,423.21,415.53,414.93,-17.079999999999984,36.4,36.4,33.0,-1.9000000000000004,0,2000,1
Liberia,LBR,2005,403.18,406.13,423.21,414.95666666666665,-2.9499999999999886,36.4,36.4,33.0,-1.9000000000000004,0,2000,1
Liberia,LBR,2006,390.79,403.18,406.13,410.84,-12.389999999999986,36.4,36.4,33.0,-1.9000000000000004,0,2000,1
Liberia,LBR,2007,372.68,390.79,403.18,400.0333333333333,-18.110000000000014,36.4,36.4,58.8,-1.9000000000000004,0,2000,1
Liberia,LBR,2008,357.06,372.68,390.79,388.8833333333334,-15.620000000000005,36.4,36.4,33.0,-1.9000000000000004,0,2000,1
Liberia,LBR,2009,342.42,357.06,372.68,373.51,-14.639999999999986,26.4,36.4,67.2,-40.800000000000004,0,2000,1
Liberia,LBR,2010,322.14,342.42,357.06,357.3866666666667,-20.28000000000003,36.4,26.4,33.0,-1.9000000000000004,0,2010,1
Liberia,LBR,2011,299.38,322.14,342.42,340.54,-22.75999999999999,37.1,36.4,57.1,-20.0,0,2010,1
Liberia,LBR,2012,266.12,299.38,322.14,321.31333333333333,-33.25999999999999,36.4,37.1,33.0,-1.9000000000000004,0,2010,1
Liberia,LBR,2013,260.75,266.12,299.38,295.88,-5.3700000000000045,38.1,36.4,55.7,-17.6,0,2010,1
Liberia,LBR,2014,287.7,260.75,266.12,275.4166666666667,26.94999999999999,36.4,38.1,33.0,-1.9000000000000004,0,2010,1
Liberia,LBR,2015,318.13,287.7,260.75,271.5233333333333,30.430000000000007,36.4,36.4,33.0,-1.9000000000000004,0,2010,1
Liberia,LBR,2016,348.7,318.13,287.7,288.85999999999996,30.569999999999993,43.7,36.4,65.5,-21.799999999999997,0,2010,1
Liberia,LBR,2017,356.09,348.7,318.13,318.1766666666667,7.389999999999986,36.4,43.7,33.0,-1.9000000000000004,0,2010,1
Liberia,LBR,2018,331.58,356.09,348.7,340.9733333333333,-24.50999999999999,36.4,36.4,33.0,-1.9000000000000004,0,2010,1
Liberia,LBR,2019,300.8,331.58,356.09,345.45666666666665,-30.779999999999973,36.4,36.4,33.0,-1.9000000000000004,0,2010,1
Liberia,LBR,2020,276.93,300.8,331.58,329.49,-23.870000000000005,44.3,36.4,52.1,-7.800000000000004,0,2020,1
Liberia,LBR,2021,216.07,276.93,300.8,303.10333333333335,-60.860000000000014,36.4,44.3,33.0,-1.9000000000000004,0,2020,0
Liberia,LBR,2022,181.79,216.07,276.93,264.59999999999997,-34.28,36.4,36.4,33.0,-1.9000000000000004,0,2020,0
Liberia,LBR,2023,179.32,181.79,216.07,224.92999999999998,-2.469999999999999,36.4,36.4,33.0,-1.9000000000000004,0,2020,0
Madagascar,MDG,2000,54.85,248.98,251.04000000000002,253.8,-1.9499999999999886,0.0,36.4,61.0,-61.0,0,2000,0
Madagascar,MDG,2001,65.26,54.85,251.04000000000002,253.8,10.410000000000004,36.4,0.0,33.0,-1.9000000000000004,0,2000,0
Madagascar,MDG,2002,51.2,65.26,54.85,60.05500000000001,-14.060000000000002,36.4,36.4,33.0,-1.9000000000000004,0,2000,0
Madagascar,MDG,2003,65.3,51.2,65.26,57.10333333333333,14.099999999999994,36.4,36.4,33.0,-1.9000000000000004,0,2000,0
Madagascar,MDG,2004,44.83,65.3,51.2,60.586666666666666,-20.47,36.4,36.4,34.2,-1.9000000000000004,0,2000,0
Madagascar,MDG,2005,34.6,44.83,65.3,53.776666666666664,-10.229999999999997,36.4,36.4,33.0,-1.9000000000000004,0,2000,0
Madagascar,MDG,2006,33.78,34.6,44.83,48.24333333333333,-0.8200000000000003,36.4,36.4,33.0,-1.9000000000000004,0,2000,0
Madagascar,MDG,2007,30.68,33.78,34.6,37.73666666666666,-3.1000000000000014,36.4,36.4,33.0,-1.9000000000000004,0,2000,0
Madagascar,MDG,2008,29.9,30.68,33.78,33.019999999999996,-0.7800000000000011,36.4,36.4,33.0,-1.9000000000000004,0,2000,0
Madagascar,MDG,2009,44.57,29.9,30.68,31.45333333333333,14.670000000000002,45.8,36.4,19.7,26.099999999999998,0,2000,0
Madagascar,MDG,2010,44.52,44.57,29.9,35.04999999999999,-0.04999999999999716,36.4,45.8,33.0,-1.9000000000000004,0,2010,0
Madagascar,MDG,2011,37.08,44.52,44.57,39.66333333333333,-7.440000000000005,76.6,36.4,19.8,56.8,0,2010,0
Madagascar,MDG,2012,70.79,37.08,44.52,42.056666666666665,33.71000000000001,36.4,76.6,33.0,-1.9000000000000004,0,2010,0
Madagascar,MDG,2013,63.67,70.79,37.08,50.79666666666666,-7.1200000000000045,62.3,36.4,11.2,51.099999999999994,0,2010,0
Madagascar,MDG,2014,49.8,63.67,70.79,57.18,-13.870000000000005,36.4,62.3,33.0,-1.9000000000000004,0,2010,0
Madagascar,MDG,2015,106.98,49.8,63.67,61.419999999999995,57.18000000000001,36.4,36.4,33.0,-1.9000000000000004,0,2010,0
Madagascar,MDG,2016,63.37,106.98,49.8,73.48333333333333,-43.61000000000001,73.4,36.4,10.1,63.300000000000004,0,2010,0
Madagascar,MDG,2017,77.22,63.37,106.98,73.38333333333333,13.850000000000001,36.4,73.4,33.0,-1.9000000000000004,0,2010,0
Madagascar,MDG,2018,71.86,77.22,63.37,82.52333333333333,-5.359999999999999,62.3,36.4,33.0,-1.9000000000000004,0,2010,0
Madagascar,MDG,2019,71.73,71.86,77.22,70.81666666666666,-0.12999999999999545,36.4,62.3,33.0,-1.9000000000000004,0,2010,0
Madagascar,MDG,2020,138.73,71.73,71.86,73.60333333333334,66.99999999999999,36.4,36.4,33.0,-1.9000000000000004,0,2020,0
Madagascar,MDG,2021,166.33,138.73,71.73,94.10666666666667,27.600000000000023,55.6,36.4,15.3,40.3,0,2020,0
Madagascar,MDG,2022,117.08,166.33,138.73,125.59666666666665,-49.250000000000014,36.4,55.6,33.0,-1.9000000000000004,0,2020,0
Madagascar,MDG,2023,200.02,117.08,166.33,140.71333333333334,82.94000000000001,36.4,36.4,33.0,-1.9000000000000004,0,2020,0
Malawi,MWI,2000,452.55,248.98,251.04000000000002,253.8,-1.9499999999999886,3.0,36.4,24.4,-21.4,0,2000,1
Malawi,MWI,2001,464.48,452.55,251.04000000000002,253.8,11.930000000000007,36.4,3.0,33.0,-1.9000000000000004,0,2000,1
Malawi,MWI,2002,439.55,464.48,452.55,458.515,-24.930000000000007,36.4,36.4,33.0,-1.9000000000000004,0,2000,1
Malawi,MWI,2003,404.31,439.55,464.48,452.1933333333333,-35.24000000000001,36.4,36.4,33.0,-1.9000000000000004,0,2000,1
Malawi,MWI,2004,376.52,404.31,439.55,436.1133333333334,-27.79000000000002,14.8,36.4,28.4,-13.599999999999998,0,2000,1
Malawi,MWI,2005,373.65,376.52,404.31,406.79333333333335,-2.8700000000000045,15.0,14.8,33.0,-1.9000000000000004,0,2000,1
Malawi,MWI,2006,359.15,373.65,376.52,384.82666666666665,-14.5,25.0,15.0,25.0,0.0,0,2000,1
Malawi,MWI,2007,348.76,359.15,373.65,369.7733333333333,-10.389999999999986,36.4,25.0,33.0,-1.9000000000000004,0,2000,1
Malawi,MWI,2008,359.36,348.76,359.15,360.52,10.600000000000023,36.4,36.4,33.0,-1.9000000000000004,0,2000,1
Malawi,MWI,2009,377.56,359.36,348.76,355.75666666666666,18.19999999999999,36.4,36.4,33.0,-1.9000000000000004,0,2000,1
Malawi,MWI,2010,389.81,377.56,359.36,361.8933333333334,12.25,39.4,36.4,43.4,-4.0,0,2010,1
Malawi,MWI,2011,395.25,389.81,377.56,375.57666666666665,5.439999999999998,36.4,39.4,33.0,-1.9000000000000004,0,2010,1
Malawi,MWI,2012,354.96,395.25,389.81,387.53999999999996,-40.29000000000002,55.9,36.4,32.5,23.4,0,2010,1
Malawi,MWI,2013,306.13,354.96,395.25,380.00666666666666,-48.829999999999984,36.4,55.9,33.0,-1.9000000000000004,0,2010,1
Malawi,MWI,2014,275.05,306.13,354.96,352.1133333333334,-31.079999999999984,67.1,36.4,42.4,24.699999999999996,0,2010,1
Malawi,MWI,2015,260.88,275.05,306.13,312.0466666666667,-14.170000000000016,36.4,67.1,33.0,-1.9000000000000004,0,2010,1
Malawi,MWI,2016,260.92,260.88,275.05,280.68666666666667,0.040000000000020464,42.7,36.4,37.6,5.100000000000001,0,2010,1
Malawi,MWI,2017,264.44,260.92,260.88,265.6166666666667,3.519999999999982,67.5,42.7,29.4,38.1,0,2010,1
Malawi,MWI,2018,270.95,264.44,260.92,262.08,6.509999999999991,36.4,67.5,33.0,-1.9000000000000004,0,2010,1
Malawi,MWI,2019,280.29,270.95,264.44,265.43666666666667,9.340000000000032,36.4,36.4,33.0,-1.9000000000000004,0,2010,1
Malawi,MWI,2020,283.01,280.29,270.95,271.8933333333334,2.7199999999999704,67.9,36.4,33.0,-1.9000000000000004,0,2020,1
Malawi,MWI,2021,280.49,283.01,280.29,278.0833333333333,-2.519999999999982,36.4,67.9,33.0,-1.9000000000000004,0,2020,1
Malawi,MWI,2022,285.5,280.49,283.01,281.2633333333333,5.009999999999991,36.4,36.4,33.0,-1.9000000000000004,0,2020,1
Malawi,MWI,2023,291.01,285.5,280.49,283.0,5.509999999999991,36.4,36.4,33.0,-1.9000000000000004,0,2020,1
Mali,MLI,2000,394.98,248.98,251.04000000000002,253.8,-1.9499999999999886,36.4,36.4,33.0,-1.9000000000000004,0,2000,1
Mali,MLI,2001,396.22,394.98,251.04000000000002,253.8,1.240000000000009,36.4,36.4,38.4,-1.9000000000000004,0,2000,1
Mali,MLI,2002,405.09,396.22,394.98,395.6,8.869999999999948,36.4,36.4,33.0,-1.9000000000000004,0,2000,1
Mali,MLI,2003,412.36,405.09,396.22,398.7633333333333,7.270000000000039,8.3999996185,36.4,38.0,-29.6000003815,0,2000,1
Mali,MLI,2004,417.89,412.36,405.09,404.5566666666667,5.529999999999973,36.4,8.3999996185,33.0,-1.9000000000000004,0,2000,1
Mali,MLI,2005,419.83,417.89,412.36,411.78,1.9399999999999977,36.4,36.4,33.0,-1.9000000000000004,0,2000,1
Mali,MLI,2006,395.08,419.83,417.89,416.6933333333333,-24.75,27.1,36.4,31.7,-4.599999999999998,0,2000,1
Mali,MLI,2007,378.67,395.08,419.83,410.93333333333334,-16.409999999999968,36.4,27.1,33.0,-1.9000000000000004,0,2000,1
Mali,MLI,2008,369.17,378.67,395.08,397.85999999999996,-9.5,36.4,36.4,33.0,-1.9000000000000004,0,2000,1
Mali,MLI,2009,364.79,369.17,378.67,380.97333333333336,-4.3799999999999955,36.4,36.4,33.0,-1.9000000000000004,0,2000,1
Mali,MLI,2010,373.6,364.79,369.17,370.8766666666667,8.810000000000002,45.6,36.4,34.8,10.800000000000004,0,2010,1
Mali,MLI,2011,394.18,373.6,364.79,369.18666666666667,20.579999999999984,36.4,45.6,33.0,-1.9000000000000004,0,2010,1
Mali,MLI,2012,424.29,394.18,373.6,377.5233333333333,30.110000000000014,36.4,36.4,33.0,-1.9000000000000004,0,2010,1
Mali,MLI,2013,441.0,424.29,394.18,397.35666666666674,16.70999999999998,69.0,36.4,22.5,46.5,0,2010,1
Mali,MLI,2014,429.54,441.0,424.29,419.8233333333333,-11.45999999999998,36.4,69.0,33.0,-1.9000000000000004,0,2010,1
Mali,MLI,2015,381.71,429.54,441.0,431.60999999999996,-47.83000000000004,71.2,36.4,28.7,42.5,0,2010,1
Mali,MLI,2016,374.39,381.71,429.54,417.4166666666667,-7.319999999999993,36.4,71.2,33.0,-1.9000000000000004,0,2010,1
Mali,MLI,2017,376.98,374.39,381.71,395.2133333333333,2.590000000000032,36.4,36.4,33.0,-1.9000000000000004,0,2010,1
Mali,MLI,2018,377.17,376.98,374.39,377.6933333333333,0.18999999999999773,79.1,36.4,18.7,60.39999999999999,0,2010,1
Mali,MLI,2019,325.76,377.17,376.98,376.18,-51.410000000000025,36.4,79.1,33.0,-1.9000000000000004,0,2010,1
Mali,MLI,2020,349.39,325.76,377.17,359.97,23.629999999999995,36.4,36.4,33.0,-1.9000000000000004,0,2020,1
Mali,MLI,2021,345.92,349.39,325.76,350.7733333333333,-3.4699999999999704,36.4,36.4,33.0,-1.9000000000000004,0,2020,1
Mali,MLI,2022,346.22,345.92,349.39,340.3566666666666,0.30000000000001137,36.4,36.4,33.0,-1.9000000000000004,0,2020,1
Mali,MLI,2023,346.22,346.22,345.92,347.1766666666667,0.0,36.4,36.4,33.0,-1.9000000000000004,0,2020,1
Mauritania,MRT,2000,96.39,248.98,251.04000000000002,253.8,-1.9499999999999886,36.4,36.4,33.0,-1.9000000000000004,0,2000,0
Mauritania,MRT,2001,93.67,96.39,251.04000000000002,253.8,-2.719999999999999,36.4,36.4,33.0,-1.9000000000000004,0,2000,0
Mauritania,MRT,2002,92.59,93.67,96.39,95.03,-1.0799999999999983,36.4,36.4,33.0,-1.9000000000000004,0,2000,0
Mauritania,MRT,2003,96.01,92.59,93.67,94.21666666666665,3.4200000000000017,36.4,36.4,33.0,-1.9000000000000004,0,2000,0
Mauritania,MRT,2004,86.37,96.01,92.59,94.09000000000002,-9.64,2.0,36.4,33.0,-31.0,0,2000,0
Mauritania,MRT,2005,84.33,86.37,96.01,91.65666666666668,-2.0400000000000063,36.4,2.0,33.0,-1.9000000000000004,0,2000,0
Mauritania,MRT,2006,76.41,84.33,86.37,88.90333333333335,-7.920000000000002,36.4,36.4,33.0,-1.9000000000000004,0,2000,0
Mauritania,MRT,2007,75.8,76.41,84.33,82.37,-0.6099999999999994,36.4,36.4,21.0,-1.9000000000000004,0,2000,0
Mauritania,MRT,2008,65.48,75.8,76.41,78.84666666666668,-10.319999999999993,36.4,36.4,33.0,-1.9000000000000004,0,2000,0
Mauritania,MRT,2009,32.98,65.48,75.8,72.56333333333333,-32.50000000000001,36.4,36.4,33.0,-1.9000000000000004,0,2000,0
Mauritania,MRT,2010,36.28,32.98,65.48,58.086666666666666,3.3000000000000043,36.4,36.4,33.0,-1.9000000000000004,0,2010,0
Mauritania,MRT,2011,46.39,36.28,32.98,44.913333333333334,10.11,18.7,36.4,19.7,-1.0,0,2010,0
Mauritania,MRT,2012,24.34,46.39,36.28,38.550000000000004,-22.05,36.4,18.7,33.0,-1.9000000000000004,0,2010,0
Mauritania,MRT,2013,27.11,24.34,46.39,35.67,2.7699999999999996,36.4,36.4,33.0,-1.9000000000000004,0,2010,0
Mauritania,MRT,2014,56.3,27.11,24.34,32.61333333333333,29.189999999999998,36.4,36.4,33.0,-1.9000000000000004,0,2010,0
Mauritania,MRT,2015,73.55,56.3,27.11,35.916666666666664,17.25,32.1,36.4,33.0,-1.9000000000000004,0,2010,0
Mauritania,MRT,2016,94.53,73.55,56.3,52.31999999999999,20.980000000000004,36.4,32.1,33.0,-1.9000000000000004,0,2010,0
Mauritania,MRT,2017,72.79,94.53,73.55,74.79333333333334,-21.739999999999995,36.4,36.4,33.0,-1.9000000000000004,0,2010,0
Mauritania,MRT,2018,79.68,72.79,94.53,80.29,6.890000000000001,36.4,36.4,33.0,-1.9000000000000004,0,2010,0
Mauritania,MRT,2019,60.21,79.68,72.79,82.33333333333333,-19.470000000000006,36.4,36.4,33.0,-1.9000000000000004,0,2010,0
Mauritania,MRT,2020,64.11,60.21,79.68,70.89333333333333,3.8999999999999986,36.4,36.4,33.0,-1.9000000000000004,0,2020,0
Mauritania,MRT,2021,26.25,64.11,60.21,68.0,-37.86,11.9,36.4,15.3,-3.4000000000000004,0,2020,0
Mauritania,MRT,2022,57.55,26.25,64.11,50.19,31.299999999999997,36.4,11.9,33.0,-1.9000000000000004,0,2020,0
Mauritania,MRT,2023,42.86,57.55,26.25,49.30333333333332,-14.689999999999998,36.4,36.4,33.0,-1.9000000000000004,0,2020,0
Mozambique,MOZ,2000,473.67,248.98,251.04000000000002,253.8,-1.9499999999999886,36.4,36.4,33.0,-1.9000000000000004,0,2000,1
Mozambique,MOZ,2001,489.94,473.67,251.04000000000002,253.8,16.269999999999982,36.4,36.4,33.0,-1.9000000000000004,0,2000,1
Mozambique,MOZ,2002,494.65,489.94,473.67,481.805,4.7099999999999795,36.4,36.4,33.0,-1.9000000000000004,0,2000,1
Mozambique,MOZ,2003,483.85,494.65,489.94,486.08666666666664,-10.799999999999955,36.4,36.4,14.9,-1.9000000000000004,0,2000,1
Mozambique,MOZ,2004,459.3,483.85,494.65,489.48,-24.55000000000001,36.4,36.4,33.0,-1.9000000000000004,0,2000,1
Mozambique,MOZ,2005,442.25,459.3,483.85,479.26666666666665,-17.05000000000001,36.4,36.4,33.0,-1.9000000000000004,0,2000,1
Mozambique,MOZ,2006,417.42,442.25,459.3,461.8,-24.829999999999984,36.4,36.4,33.0,-1.9000000000000004,0,2000,1
Mozambique,MOZ,2007,388.02,417.42,442.25,439.6566666666667,-29.400000000000034,7.0,36.4,23.0,-16.0,0,2000,1
Mozambique,MOZ,2008,369.61,388.02,417.42,415.8966666666667,-18.409999999999968,22.8,7.0,36.7,-13.900000000000002,0,2000,1
Mozambique,MOZ,2009,371.47,369.61,388.02,391.6833333333334,1.8600000000000136,36.4,22.8,33.0,-1.9000000000000004,0,2000,1
Mozambique,MOZ,2010,377.94,371.47,369.61,376.3666666666666,6.46999999999997,36.4,36.4,33.0,-1.9000000000000004,0,2010,1
Mozambique,MOZ,2011,375.99,377.94,371.47,373.00666666666666,-1.9499999999999886,35.7,36.4,29.9,5.800000000000004,0,2010,1
Mozambique,MOZ,2012,375.23,375.99,377.94,375.1333333333334,-0.7599999999999909,36.4,35.7,33.0,-1.9000000000000004,0,2010,1
Mozambique,MOZ,2013,372.38,375.23,375.99,376.3866666666667,-2.8500000000000227,36.4,36.4,33.0,-1.9000000000000004,0,2010,1
Mozambique,MOZ,2014,361.47,372.38,375.23,374.5333333333333,-10.909999999999968,36.4,36.4,33.0,-1.9000000000000004,0,2010,1
Mozambique,MOZ,2015,353.67,361.47,372.38,369.6933333333333,-7.800000000000011,47.9,36.4,38.4,9.5,0,2010,1
Mozambique,MOZ,2016,345.21,353.67,361.47,362.50666666666666,-8.460000000000036,36.4,47.9,33.0,-1.9000000000000004,0,2010,1
Mozambique,MOZ,2017,333.74,345.21,353.67,353.45000000000005,-11.46999999999997,36.4,36.4,33.0,-1.9000000000000004,0,2010,1
Mozambique,MOZ,2018,331.3,333.74,345.21,344.2066666666667,-2.4399999999999977,72.7,36.4,32.7,40.0,0,2010,1
Mozambique,MOZ,2019,323.97,331.3,333.74,336.75,-7.329999999999984,36.4,72.7,33.0,-1.9000000000000004,0,2010,1
Mozambique,MOZ,2020,320.65,323.97,331.3,329.67,-3.32000000000005,36.4,36.4,33.0,-1.9000000000000004,0,2020,1
Mozambique,MOZ,2021,312.45,320.65,323.97,325.3066666666667,-8.199999999999989,36.4,36.4,33.0,-1.9000000000000004,0,2020,1
Mozambique,MOZ,2022,304.5,312.45,320.65,319.0233333333333,-7.949999999999989,36.4,36.4,33.0,-1.9000000000000004,0,2020,1
Mozambique,MOZ,2023,303.5,304.5,312.45,312.5333333333333,-1.0,36.4,36.4,33.0,-1.9000000000000004,0,2020,1
Namibia,NAM,2000,53.57,248.98,251.04000000000002,253.8,-1.9499999999999886,3.4000000954,36.4,14.4,-10.999999904600001,0,2000,0
Namibia,NAM,2001,69.81,53.57,251.04000000000002,253.8,16.240000000000002,36.4,3.4000000954,33.0,-1.9000000000000004,0,2000,0
Namibia,NAM,2002,46.92,69.81,53.57,61.69,-22.89,36.4,36.4,33.0,-1.9000000000000004,0,2000,0
Namibia,NAM,2003,44.39,46.92,69.81,56.76666666666667,-2.530000000000001,36.4,36.4,33.0,-1.9000000000000004,0,2000,0
Namibia,NAM,2004,68.43,44.39,46.92,53.70666666666667,24.040000000000006,36.4,36.4,33.0,-1.9000000000000004,0,2000,0
Namibia,NAM,2005,41.83,68.43,44.39,53.24666666666667,-26.60000000000001,36.4,36.4,33.0,-1.9000000000000004,0,2000,0
Namibia,NAM,2006,43.12,41.83,68.43,51.550000000000004,1.2899999999999991,10.5,36.4,9.8,0.6999999999999993,0,2000,0
Namibia,NAM,2007,12.9,43.12,41.83,51.126666666666665,-30.22,10.5,10.5,9.8,0.6999999999999993,0,2000,0
Namibia,NAM,2008,7.44,12.9,43.12,32.61666666666667,-5.46,36.4,10.5,33.0,-1.9000000000000004,0,2000,0
Namibia,NAM,2009,3.68,7.44,12.9,21.153333333333332,-3.7600000000000002,34.0,36.4,20.3,13.7,0,2000,0
Namibia,NAM,2010,1.55,3.68,7.44,8.006666666666666,-2.13,36.4,34.0,33.0,-1.9000000000000004,0,2010,0
Namibia,NAM,2011,1.81,1.55,3.68,4.223333333333334,0.26,36.4,36.4,33.0,-1.9000000000000004,0,2010,0
Namibia,NAM,2012,3.13,1.81,1.55,2.3466666666666667,1.3199999999999998,36.4,36.4,33.0,-1.9000000000000004,0,2010,0
Namibia,NAM,2013,4.39,3.13,1.81,2.1633333333333336,1.2599999999999998,5.6,36.4,8.4,-2.8000000000000007,0,2010,0
Namibia,NAM,2014,14.05,4.39,3.13,3.1099999999999994,9.66,36.4,5.6,33.0,-1.9000000000000004,0,2010,0
Namibia,NAM,2015,7.99,14.05,4.39,7.19,-6.0600000000000005,36.4,36.4,33.0,-1.9000000000000004,0,2010,0
Namibia,NAM,2016,16.55,7.99,14.05,8.81,8.56,36.4,36.4,33.0,-1.9000000000000004,0,2010,0
Namibia,NAM,2017,44.81,16.55,7.99,12.863333333333335,28.26,36.4,36.4,33.0,-1.9000000000000004,0,2010,0
Namibia,NAM,2018,24.55,44.81,16.55,23.11666666666667,-20.26,36.4,36.4,33.0,-1.9000000000000004,0,2010,0
Namibia,NAM,2019,2.71,24.55,44.81,28.63666666666667,-21.84,36.4,36.4,33.0,-1.9000000000000004,0,2010,0
Namibia,NAM,2020,9.32,2.71,24.55,24.023333333333337,6.61,36.4,36.4,33.0,-1.9000000000000004,0,2020,0
Namibia,NAM,2021,9.56,9.32,2.71,12.193333333333337,0.2400000000000002,36.4,36.4,33.0,-1.9000000000000004,0,2020,0
Namibia,NAM,2022,7.38,9.56,9.32,7.19666666666667,-2.1800000000000006,36.4,36.4,33.0,-1.9000000000000004,0,2020,0
Namibia,NAM,2023,8.24,7.38,9.56,8.753333333333336,0.8600000000000003,36.4,36.4,33.0,-1.9000000000000004,0,2020,0
Niger,NER,2000,359.24,248.98,251.04000000000002,253.8,-1.9499999999999886,1.0,36.4,48.0,-47.0,0,2000,1
Niger,NER,2001,350.71,359.24,251.04000000000002,253.8,-8.53000000000003,36.4,1.0,33.0,-1.9000000000000004,0,2000,1
Niger,NER,2002,327.87,350.71,359.24,354.975,-22.839999999999975,36.4,36.4,33.0,-1.9000000000000004,0,2000,1
Niger,NER,2003,298.92,327.87,350.71,345.94,-28.94999999999999,36.4,36.4,33.0,-1.9000000000000004,0,2000,0
Niger,NER,2004,302.78,298.92,327.87,325.8333333333333,3.859999999999957,36.4,36.4,33.0,-1.9000000000000004,0,2000,1
Niger,NER,2005,310.49,302.78,298.92,309.8566666666666,7.710000000000036,36.4,36.4,33.0,-1.9000000000000004,0,2000,1
Niger,NER,2006,307.39,310.49,302.78,304.06333333333333,-3.1000000000000227,7.4,36.4,33.0,-25.6,0,2000,1
Niger,NER,2007,315.37,307.39,310.49,306.88666666666666,7.980000000000018,36.4,7.4,33.0,-1.9000000000000004,0,2000,1
Niger,NER,2008,351.76,315.37,307.39,311.0833333333333,36.389999999999986,36.4,36.4,33.0,-1.9000000000000004,0,2000,1
Niger,NER,2009,377.45,351.76,315.37,324.84,25.689999999999998,43.0,36.4,33.0,-1.9000000000000004,0,2000,1
Niger,NER,2010,410.05,377.45,351.76,348.1933333333333,32.60000000000002,63.7,43.0,33.0,-1.9000000000000004,0,2010,1
Niger,NER,2011,424.02,410.05,377.45,379.75333333333333,13.96999999999997,36.4,63.7,33.0,-1.9000000000000004,0,2010,1
Niger,NER,2012,427.97,424.02,410.05,403.84,3.9500000000000455,20.1,36.4,19.2,0.9000000000000021,0,2010,1
Niger,NER,2013,416.72,427.97,424.02,420.68,-11.25,36.4,20.1,33.0,-1.9000000000000004,0,2010,1
Niger,NER,2014,410.12,416.72,427.97,422.90333333333336,-6.600000000000023,36.4,36.4,33.0,-1.9000000000000004,0,2010,1
Niger,NER,2015,404.9,410.12,416.72,418.27,-5.220000000000027,95.5,36.4,33.0,-1.9000000000000004,0,2010,1
Niger,NER,2016,389.33,404.9,410.12,410.58,-15.569999999999993,36.4,95.5,33.0,-1.9000000000000004,0,2010,1
Niger,NER,2017,367.77,389.33,404.9,401.45,-21.560000000000002,36.4,36.4,33.0,-1.9000000000000004,0,2010,1
Niger,NER,2018,349.75,367.77,389.33,387.3333333333333,-18.019999999999982,36.4,36.4,33.0,-1.9000000000000004,0,2010,1
Niger,NER,2019,332.56,349.75,367.77,368.95,-17.189999999999998,36.4,36.4,33.0,-1.9000000000000004,0,2010,1
Niger,NER,2020,330.78,332.56,349.75,350.02666666666664,-1.7800000000000296,36.4,36.4,33.0,-1.9000000000000004,0,2020,1
Niger,NER,2021,304.18,330.78,332.56,337.69666666666666,-26.599999999999966,36.4,36.4,33.0,-1.9000000000000004,0,2020,1
Niger,NER,2022,305.14,304.18,330.78,322.50666666666666,0.9599999999999795,36.4,36.4,33.0,-1.9000000000000004,0,2020,1
Niger,NER,2023,305.14,305.14,304.18,313.3666666666666,0.0,36.4,36.4,33.0,-1.9000000000000004,0,2020,1
Nigeria,NGA,2000,401.79,248.98,251.04000000000002,253.8,-1.9499999999999886,36.4,36.4,33.0,-1.9000000000000004,0,2000,1
Nigeria,NGA,2001,394.49,401.79,251.04000000000002,253.8,-7.300000000000011,36.4,36.4,33.0,-1.9000000000000004,0,2000,1
Nigeria,NGA,2002,381.75,394.49,401.79,398.14,-12.740000000000009,36.4,36.4,33.0,-1.9000000000000004,0,2000,1
Nigeria,NGA,2003,382.09,381.75,394.49,392.6766666666667,0.339999999999975,1.2,36.4,34.3,-33.099999999999994,0,2000,1
Nigeria,NGA,2004,390.12,382.09,381.75,386.10999999999996,8.03000000000003,36.4,1.2,33.0,-1.9000000000000004,0,2000,1
Nigeria,NGA,2005,395.9,390.12,382.09,384.65333333333336,5.779999999999973,36.4,36.4,33.0,-1.9000000000000004,0,2000,1
Nigeria,NGA,2006,398.57,395.9,390.12,389.37000000000006,2.670000000000016,36.4,36.4,33.0,-1.9000000000000004,0,2000,1
Nigeria,NGA,2007,400.61,398.57,395.9,394.8633333333333,2.0400000000000205,36.4,36.4,33.0,-1.9000000000000004,0,2000,1
Nigeria,NGA,2008,402.01,400.61,398.57,398.35999999999996,1.3999999999999773,5.5,36.4,33.2,-27.700000000000003,0,2000,1
Nigeria,NGA,2009,389.96,402.01,400.61,400.3966666666667,-12.050000000000011,36.4,5.5,33.0,-1.9000000000000004,0,2000,1
Nigeria,NGA,2010,363.36,389.96,402.01,397.52666666666664,-26.599999999999966,28.9,36.4,49.1,-20.200000000000003,0,2010,1
Nigeria,NGA,2011,339.51,363.36,389.96,385.10999999999996,-23.850000000000023,16.4,28.9,44.6,-28.200000000000003,0,2010,1
Nigeria,NGA,2012,316.22,339.51,363.36,364.27666666666664,-23.289999999999964,36.4,16.4,33.0,-1.9000000000000004,0,2010,1
Nigeria,NGA,2013,297.83,316.22,339.51,339.69666666666666,-18.390000000000043,16.6,36.4,32.7,-16.1,0,2010,1
Nigeria,NGA,2014,287.7,297.83,316.22,317.8533333333333,-10.129999999999995,25.4,16.6,27.3,-1.9000000000000021,0,2010,1
Nigeria,NGA,2015,283.81,287.7,297.83,300.5833333333333,-3.8899999999999864,43.6,25.4,41.2,2.3999999999999986,0,2010,1
Nigeria,NGA,2016,284.83,283.81,287.7,289.78,1.0199999999999818,36.4,43.6,33.0,-1.9000000000000004,0,2010,1
Nigeria,NGA,2017,288.98,284.83,283.81,285.44666666666666,4.150000000000034,49.1,36.4,33.0,-1.9000000000000004,0,2010,1
Nigeria,NGA,2018,291.07,288.98,284.83,285.87333333333333,2.089999999999975,52.2,49.1,43.5,8.700000000000003,0,2010,1
Nigeria,NGA,2019,293.0,291.07,288.98,288.2933333333333,1.9300000000000068,36.4,52.2,33.0,-1.9000000000000004,0,2010,1
Nigeria,NGA,2020,304.37,293.0,291.07,291.01666666666665,11.370000000000005,36.4,36.4,33.0,-1.9000000000000004,0,2020,1
Nigeria,NGA,2021,299.27,304.37,293.0,296.1466666666667,-5.100000000000023,36.4,36.4,33.0,-1.9000000000000004,0,2020,1
Nigeria,NGA,2022,299.0,299.27,304.37,298.88000000000005,-0.2699999999999818,36.4,36.4,33.0,-1.9000000000000004,0,2020,1
Nigeria,NGA,2023,299.0,299.0,299.27,300.88000000000005,0.0,36.4,36.4,33.0,-1.9000000000000004,0,2020,1
Rwanda,RWA,2000,180.43,248.98,251.04000000000002,253.8,-1.9499999999999886,5.0,36.4,6.3,-1.2999999999999998,1,2000,0
Rwanda,RWA,2001,171.34,180.43,251.04000000000002,253.8,-9.090000000000003,36.4,5.0,33.0,-1.9000000000000004,1,2000,0
Rwanda,RWA,2002,156.99,171.34,180.43,175.885,-14.349999999999994,36.4,36.4,33.0,-1.9000000000000004,1,2000,0
Rwanda,RWA,2003,139.22,156.99,171.34,169.58666666666667,-17.77000000000001,36.4,36.4,33.0,-1.9000000000000004,1,2000,0
Rwanda,RWA,2004,122.34,139.22,156.99,155.85,-16.879999999999995,36.4,36.4,33.0,-1.9000000000000004,1,2000,0
Rwanda,RWA,2005,152.06,122.34,139.22,139.51666666666668,29.72,12.6,36.4,15.5,-2.9000000000000004,1,2000,0
Rwanda,RWA,2006,150.06,152.06,122.34,137.87333333333333,-2.0,36.4,12.6,33.0,-1.9000000000000004,1,2000,0
Rwanda,RWA,2007,88.02,150.06,152.06,141.48666666666668,-62.040000000000006,36.4,36.4,33.0,-1.9000000000000004,1,2000,0
Rwanda,RWA,2008,69.73,88.02,150.06,130.04666666666665,-18.289999999999992,56.5,36.4,5.6,50.9,1,2000,0
Rwanda,RWA,2009,153.74,69.73,88.02,102.60333333333334,84.01,36.4,56.5,33.0,-1.9000000000000004,1,2000,0
Rwanda,RWA,2010,104.65,153.74,69.73,103.83,-49.09,69.6,36.4,10.8,58.8,1,2010,0
Rwanda,RWA,2011,36.94,104.65,153.74,109.37333333333333,-67.71000000000001,69.6,69.6,33.0,-1.9000000000000004,1,2010,0
Rwanda,RWA,2012,59.69,36.94,104.65,98.44333333333334,22.75,36.4,69.6,33.0,-1.9000000000000004,1,2010,0
Rwanda,RWA,2013,109.49,59.69,36.94,67.09333333333333,49.8,74.1,36.4,12.0,62.099999999999994,1,2010,0
Rwanda,RWA,2014,202.3,109.49,59.69,68.70666666666666,92.81000000000002,36.4,74.1,33.0,-1.9000000000000004,1,2010,0
Rwanda,RWA,2015,308.04,202.3,109.49,123.82666666666667,105.74000000000001,67.7,36.4,11.4,56.300000000000004,1,2010,1
Rwanda,RWA,2016,410.08,308.04,202.3,206.61,102.03999999999996,36.4,67.7,33.0,-1.9000000000000004,1,2010,1
Rwanda,RWA,2017,711.44,410.08,308.04,306.8066666666667,301.36000000000007,68.0,36.4,19.6,48.4,1,2010,1
Rwanda,RWA,2018,477.57,711.44,410.08,476.52000000000004,-233.87000000000006,36.4,68.0,33.0,-1.9000000000000004,1,2010,1
Rwanda,RWA,2019,385.35,477.57,711.44,533.03,-92.21999999999997,36.4,36.4,33.0,-1.9000000000000004,1,2010,1
Rwanda,RWA,2020,213.12,385.35,477.57,524.7866666666667,-172.23000000000002,55.6,36.4,8.1,47.5,1,2020,0
Rwanda,RWA,2021,118.74,213.12,385.35,358.68,-94.38000000000001,36.4,55.6,33.0,-1.9000000000000004,1,2020,0
Rwanda,RWA,2022,85.57,118.74,213.12,239.07000000000002,-33.17,36.4,36.4,33.0,-1.9000000000000004,1,2020,0
Rwanda,RWA,2023,53.64,85.57,118.74,139.14333333333335,-31.929999999999993,36.4,36.4,33.0,-1.9000000000000004,1,2020,0
Senegal,SEN,2000,230.37,248.98,251.04000000000002,253.8,-1.9499999999999886,2.0,36.4,36.0,-34.0,0,2000,0
Senegal,SEN,2001,176.61,230.37,251.04000000000002,253.8,-53.75999999999999,36.4,2.0,33.0,-1.9000000000000004,0,2000,0
Senegal,SEN,2002,156.98,176.61,230.37,203.49,-19.630000000000024,36.4,36.4,33.0,-1.9000000000000004,0,2000,0
Senegal,SEN,2003,168.09,156.98,176.61,187.98666666666668,11.110000000000014,36.4,36.4,33.0,-1.9000000000000004,0,2000,0
Senegal,SEN,2004,129.2,168.09,156.98,167.22666666666666,-38.890000000000015,36.4,36.4,33.0,-1.9000000000000004,0,2000,0
Senegal,SEN,2005,132.26,129.2,168.09,151.42333333333332,3.0600000000000023,7.2,36.4,26.8,-19.6,0,2000,0
Senegal,SEN,2006,121.53,132.26,129.2,143.1833333333333,-10.72999999999999,16.4,7.2,20.0,-3.6000000000000014,0,2000,0
Senegal,SEN,2007,98.57,121.53,132.26,127.66333333333334,-22.960000000000008,36.4,16.4,33.0,-1.9000000000000004,0,2000,0
Senegal,SEN,2008,52.18,98.57,121.53,117.45333333333333,-46.38999999999999,36.4,36.4,33.0,-1.9000000000000004,0,2000,0
Senegal,SEN,2009,32.88,52.18,98.57,90.75999999999999,-19.299999999999997,29.2,36.4,9.1,20.1,0,2000,0
Senegal,SEN,2010,60.4,32.88,52.18,61.21,27.519999999999996,36.4,29.2,33.0,-1.9000000000000004,0,2010,0
Senegal,SEN,2011,48.31,60.4,32.88,48.48666666666667,-12.089999999999996,34.5,36.4,8.2,26.3,0,2010,0
Senegal,SEN,2012,53.04,48.31,60.4,47.196666666666665,4.729999999999997,36.4,34.5,33.0,-1.9000000000000004,0,2010,0
Senegal,SEN,2013,57.87,53.04,48.31,53.916666666666664,4.829999999999998,45.8,36.4,6.2,39.599999999999994,0,2010,0
Senegal,SEN,2014,37.65,57.87,53.04,53.07333333333333,-20.22,43.2,45.8,6.7,36.5,0,2010,0
Senegal,SEN,2015,69.27,37.65,57.87,49.52,31.619999999999997,55.4,43.2,3.4,52.0,0,2010,0
Senegal,SEN,2016,45.5,69.27,37.65,54.93,-23.769999999999996,66.6,55.4,1.7,64.89999999999999,0,2010,0
Senegal,SEN,2017,52.06,45.5,69.27,50.806666666666665,6.560000000000002,60.7,66.6,4.7,56.0,0,2010,0
Senegal,SEN,2018,65.83,52.06,45.5,55.60999999999999,13.769999999999996,56.4,60.7,5.1,51.3,0,2010,0
Senegal,SEN,2019,41.11,65.83,52.06,54.46333333333333,-24.72,65.4,56.4,1.4,64.0,0,2010,0
Senegal,SEN,2020,35.59,41.11,65.83,53.0,-5.519999999999996,36.4,65.4,33.0,-1.9000000000000004,0,2020,0
Senegal,SEN,2021,41.85,35.59,41.11,47.51,6.259999999999998,46.5,36.4,2.7,43.8,0,2020,0
Senegal,SEN,2022,38.1,41.85,35.59,39.51666666666667,-3.75,36.4,46.5,33.0,-1.9000000000000004,0,2020,0
Senegal,SEN,2023,34.69,38.1,41.85,38.513333333333335,-3.4100000000000037,36.4,36.4,33.0,-1.9000000000000004,0,2020,0
Sierra Leone,SLE,2000,424.58,248.98,251.04000000000002,253.8,-1.9499999999999886,2.0,36.4,61.0,-59.0,0,2000,1
Sierra Leone,SLE,2001,425.06,424.58,251.04000000000002,253.8,0.4800000000000182,36.4,2.0,33.0,-1.9000000000000004,0,2000,1
Sierra Leone,SLE,2002,425.58,425.06,424.58,424.82,0.5199999999999818,36.4,36.4,33.0,-1.9000000000000004,0,2000,1
Sierra Leone,SLE,2003,414.3,425.58,425.06,425.0733333333333,-11.279999999999973,36.4,36.4,33.0,-1.9000000000000004,0,2000,1
Sierra Leone,SLE,2004,405.39,414.3,425.58,421.6466666666667,-8.910000000000025,36.4,36.4,33.0,-1.9000000000000004,0,2000,1
Sierra Leone,SLE,2005,401.19,405.39,414.3,415.09,-4.199999999999989,5.0,36.4,52.0,-47.0,0,2000,1
Sierra Leone,SLE,2006,397.65,401.19,405.39,406.96000000000004,-3.5400000000000205,36.4,5.0,33.0,-1.9000000000000004,0,2000,1
Sierra Leone,SLE,2007,405.15,397.65,401.19,401.41,7.5,36.4,36.4,33.0,-1.9000000000000004,0,2000,1
Sierra Leone,SLE,2008,427.1,405.15,397.65,401.33,21.950000000000045,25.8,36.4,27.8,-2.0,0,2000,1
Sierra Leone,SLE,2009,445.04,427.1,405.15,409.96666666666664,17.939999999999998,36.4,25.8,33.0,-1.9000000000000004,0,2000,1
Sierra Leone,SLE,2010,438.89,445.04,427.1,425.7633333333333,-6.150000000000034,30.3,36.4,62.1,-31.8,0,2010,1
Sierra Leone,SLE,2011,427.79,438.89,445.04,437.01,-11.099999999999966,36.4,30.3,33.0,-1.9000000000000004,0,2010,1
Sierra Leone,SLE,2012,413.44,427.79,438.89,437.24,-14.350000000000023,36.4,36.4,33.0,-1.9000000000000004,0,2010,1
Sierra Leone,SLE,2013,396.12,413.44,427.79,426.70666666666665,-17.319999999999993,49.0,36.4,48.3,0.7000000000000028,0,2010,1
Sierra Leone,SLE,2014,380.3,396.12,413.44,412.45,-15.819999999999993,36.4,49.0,33.0,-1.9000000000000004,0,2010,1
Sierra Leone,SLE,2015,367.82,380.3,396.12,396.62000000000006,-12.480000000000018,36.4,36.4,33.0,-1.9000000000000004,0,2010,1
Sierra Leone,SLE,2016,363.56,367.82,380.3,381.41333333333336,-4.259999999999991,44.1,36.4,57.0,-12.899999999999999,0,2010,1
Sierra Leone,SLE,2017,350.55,363.56,367.82,370.56,-13.009999999999991,59.5,44.1,33.0,-1.9000000000000004,0,2010,1
Sierra Leone,SLE,2018,340.61,350.55,363.56,360.6433333333334,-9.939999999999998,36.4,59.5,33.0,-1.9000000000000004,0,2010,1
Sierra Leone,SLE,2019,321.88,340.61,350.55,351.5733333333333,-18.730000000000018,59.1,36.4,55.9,3.200000000000003,0,2010,1
Sierra Leone,SLE,2020,313.11,321.88,340.61,337.68,-8.769999999999982,36.4,59.1,33.0,-1.9000000000000004,0,2020,1
Sierra Leone,SLE,2021,305.82,313.11,321.88,325.2,-7.2900000000000205,36.4,36.4,33.0,-1.9000000000000004,0,2020,1
Sierra Leone,SLE,2022,298.19,305.82,313.11,313.6033333333333,-7.6299999999999955,36.4,36.4,33.0,-1.9000000000000004,0,2020,1
Sierra Leone,SLE,2023,284.08,298.19,305.82,305.70666666666665,-14.110000000000014,36.4,36.4,33.0,-1.9000000000000004,0,2020,1
South Africa,ZAF,2000,3.86,248.98,251.04000000000002,253.8,-1.9499999999999886,36.4,36.4,33.0,-1.9000000000000004,0,2000,0
South Africa,ZAF,2001,5.57,3.86,251.04000000000002,253.8,1.7100000000000004,36.4,36.4,33.0,-1.9000000000000004,0,2000,0
South Africa,ZAF,2002,3.26,5.57,3.86,4.715,-2.3100000000000005,36.4,36.4,33.0,-1.9000000000000004,0,2000,0
South Africa,ZAF,2003,2.78,3.26,5.57,4.2299999999999995,-0.48,36.4,36.4,33.0,-1.9000000000000004,0,2000,0
South Africa,ZAF,2004,2.73,2.78,3.26,3.8699999999999997,-0.04999999999999982,36.4,36.4,33.0,-1.9000000000000004,0,2000,0
South Africa,ZAF,2005,1.57,2.73,2.78,2.9233333333333333,-1.16,36.4,36.4,33.0,-1.9000000000000004,0,2000,0
South Africa,ZAF,2006,2.42,1.57,2.73,2.36,0.8499999999999999,36.4,36.4,33.0,-1.9000000000000004,0,2000,0
South Africa,ZAF,2007,1.25,2.42,1.57,2.24,-1.17,36.4,36.4,33.0,-1.9000000000000004,0,2000,0
South Africa,ZAF,2008,1.53,1.25,2.42,1.7466666666666668,0.28,36.4,36.4,33.0,-1.9000000000000004,0,2000,0
South Africa,ZAF,2009,1.17,1.53,1.25,1.7333333333333334,-0.3600000000000001,36.4,36.4,33.0,-1.9000000000000004,0,2000,0
South Africa,ZAF,2010,1.54,1.17,1.53,1.3166666666666667,0.3700000000000001,36.4,36.4,33.0,-1.9000000000000004,0,2010,0
South Africa,ZAF,2011,1.86,1.54,1.17,1.4133333333333333,0.32000000000000006,36.4,36.4,33.0,-1.9000000000000004,0,2010,0
South Africa,ZAF,2012,1.23,1.86,1.54,1.5233333333333334,-0.6300000000000001,36.4,36.4,33.0,-1.9000000000000004,0,2010,0
South Africa,ZAF,2013,1.58,1.23,1.86,1.5433333333333332,0.3500000000000001,36.4,36.4,33.0,-1.9000000000000004,0,2010,0
South Africa,ZAF,2014,2.11,1.58,1.23,1.5566666666666666,0.5299999999999998,36.4,36.4,33.0,-1.9000000000000004,0,2010,0
South Africa,ZAF,2015,0.87,2.11,1.58,1.64,-1.2399999999999998,36.4,36.4,33.0,-1.9000000000000004,0,2010,0
South Africa,ZAF,2016,0.75,0.87,2.11,1.5199999999999998,-0.12,36.4,36.4,0.5,-1.9000000000000004,0,2010,0
South Africa,ZAF,2017,4.06,0.75,0.87,1.2433333333333334,3.3099999999999996,36.4,36.4,33.0,-1.9000000000000004,0,2010,0
South Africa,ZAF,2018,1.63,4.06,0.75,1.8933333333333333,-2.4299999999999997,36.4,36.4,33.0,-1.9000000000000004,0,2010,0
South Africa,ZAF,2019,0.81,1.63,4.06,2.1466666666666665,-0.8199999999999998,36.4,36.4,33.0,-1.9000000000000004,0,2010,0
South Africa,ZAF,2020,0.74,0.81,1.63,2.1666666666666665,-0.07000000000000006,36.4,36.4,33.0,-1.9000000000000004,0,2020,0
South Africa,ZAF,2021,0.48,0.74,0.81,1.0599999999999998,-0.26,36.4,36.4,33.0,-1.9000000000000004,0,2020,0
South Africa,ZAF,2022,0.33,0.48,0.74,0.6766666666666667,-0.14999999999999997,36.4,36.4,33.0,-1.9000000000000004,0,2020,0
South Africa,ZAF,2023,0.84,0.33,0.48,0.5166666666666667,0.51,36.4,36.4,33.0,-1.9000000000000004,0,2020,0
South Sudan,SSD,2000,344.59,248.98,251.04000000000002,253.8,-1.9499999999999886,36.4,36.4,33.0,-1.9000000000000004,1,2000,0
South Sudan,SSD,2001,344.91,344.59,251.04000000000002,253.8,0.32000000000005,36.4,36.4,33.0,-1.9000000000000004,1,2000,0
South Sudan,SSD,2002,339.69,344.91,344.59,344.75,-5.220000000000027,36.4,36.4,33.0,-1.9000000000000004,1,2000,1
South Sudan,SSD,2003,329.78,339.69,344.91,343.06333333333333,-9.910000000000025,36.4,36.4,33.0,-1.9000000000000004,1,2000,1
South Sudan,SSD,2004,315.5,329.78,339.69,338.1266666666667,-14.279999999999973,36.4,36.4,33.0,-1.9000000000000004,1,2000,1
South Sudan,SSD,2005,305.86,315.5,329.78,328.3233333333333,-9.639999999999986,36.4,36.4,33.0,-1.9000000000000004,1,2000,1
South Sudan,SSD,2006,292.76,305.86,315.5,317.0466666666666,-13.100000000000023,21.0,36.4,46.1,-25.1,1,2000,1
South Sudan,SSD,2007,274.8,292.76,305.86,304.70666666666665,-17.95999999999998,36.4,21.0,33.0,-1.9000000000000004,1,2000,1
South Sudan,SSD,2008,268.1,274.8,292.76,291.14,-6.699999999999989,36.4,36.4,33.0,-1.9000000000000004,1,2000,1
South Sudan,SSD,2009,271.12,268.1,274.8,278.55333333333334,3.019999999999982,25.3,36.4,35.8,-10.499999999999996,1,2000,1
South Sudan,SSD,2010,275.62,271.12,268.1,271.34000000000003,4.5,36.4,25.3,51.2,-1.9000000000000004,1,2010,1
South Sudan,SSD,2011,281.33,275.62,271.12,271.61333333333334,5.7099999999999795,36.4,36.4,33.0,-1.9000000000000004,1,2010,1
South Sudan,SSD,2012,278.4,281.33,275.62,276.0233333333333,-2.930000000000007,36.4,36.4,33.0,-1.9000000000000004,1,2010,1
South Sudan,SSD,2013,276.1,278.4,281.33,278.45,-2.2999999999999545,45.8,36.4,31.9,13.899999999999999,1,2010,1
South Sudan,SSD,2014,271.04,276.1,278.4,278.60999999999996,-5.060000000000002,36.4,45.8,33.0,-1.9000000000000004,1,2010,1
South Sudan,SSD,2015,269.31,271.04,276.1,275.18,-1.7300000000000182,36.4,36.4,33.0,-1.9000000000000004,1,2010,1
South Sudan,SSD,2016,265.71,269.31,271.04,272.15000000000003,-3.6000000000000227,36.4,36.4,33.0,-1.9000000000000004,1,2010,1
South Sudan,SSD,2017,277.3,265.71,269.31,268.68666666666667,11.590000000000032,41.7,36.4,33.0,-1.9000000000000004,1,2010,1
South Sudan,SSD,2018,276.3,277.3,265.71,270.7733333333333,-1.0,36.4,41.7,33.0,-1.9000000000000004,1,2010,1
South Sudan,SSD,2019,285.93,276.3,277.3,273.10333333333335,9.629999999999995,36.4,36.4,33.0,-1.9000000000000004,1,2010,1
South Sudan,SSD,2020,281.6,285.93,276.3,279.8433333333333,-4.329999999999984,36.4,36.4,33.0,-1.9000000000000004,1,2020,1
South Sudan,SSD,2021,276.82,281.6,285.93,281.2766666666667,-4.78000000000003,36.4,36.4,33.0,-1.9000000000000004,1,2020,1
South Sudan,SSD,2022,274.78,276.82,281.6,281.45,-2.0400000000000205,36.4,36.4,33.0,-1.9000000000000004,1,2020,1
South Sudan,SSD,2023,264.93,274.78,276.82,277.73333333333335,-9.849999999999966,36.4,36.4,33.0,-1.9000000000000004,1,2020,1
Sudan,SDN,2000,89.72,248.98,251.04000000000002,253.8,-1.9499999999999886,0.400000006,36.4,50.2,-49.799999994000004,0,2000,0
Sudan,SDN,2001,83.54,89.72,251.04000000000002,253.8,-6.179999999999993,36.4,0.400000006,33.0,-1.9000000000000004,0,2000,0
Sudan,SDN,2002,65.5,83.54,89.72,86.63,-18.040000000000006,36.4,36.4,33.0,-1.9000000000000004,0,2000,0
Sudan,SDN,2003,60.42,65.5,83.54,79.58666666666666,-5.079999999999998,36.4,36.4,33.0,-1.9000000000000004,0,2000,0
Sudan,SDN,2004,54.28,60.42,65.5,69.82000000000001,-6.140000000000001,36.4,36.4,33.0,-1.9000000000000004,0,2000,0
Sudan,SDN,2005,53.25,54.28,60.42,60.06666666666666,-1.0300000000000011,36.4,36.4,33.0,-1.9000000000000004,0,2000,0
Sudan,SDN,2006,52.2,53.25,54.28,55.98333333333333,-1.0499999999999972,30.0,36.4,54.0,-24.0,0,2000,0
Sudan,SDN,2007,45.08,52.2,53.25,53.24333333333334,-7.1200000000000045,36.4,30.0,33.0,-1.9000000000000004,0,2000,0
Sudan,SDN,2008,37.18,45.08,52.2,50.17666666666667,-7.899999999999999,36.4,36.4,33.0,-1.9000000000000004,0,2000,0
Sudan,SDN,2009,34.3,37.18,45.08,44.82,-2.8800000000000026,25.3,36.4,35.8,-10.499999999999996,0,2000,0
Sudan,SDN,2010,32.39,34.3,37.18,38.85333333333333,-1.9099999999999966,36.4,25.3,65.0,-1.9000000000000004,0,2010,0
Sudan,SDN,2011,32.03,32.39,34.3,34.623333333333335,-0.35999999999999943,36.4,36.4,33.0,-1.9000000000000004,0,2010,0
Sudan,SDN,2012,32.33,32.03,32.39,32.906666666666666,0.29999999999999716,36.4,36.4,33.0,-1.9000000000000004,0,2010,0
Sudan,SDN,2013,33.7,32.33,32.03,32.25,1.3700000000000045,36.4,36.4,33.0,-1.9000000000000004,0,2010,0
Sudan,SDN,2014,37.1,33.7,32.33,32.68666666666667,3.3999999999999986,36.4,36.4,33.0,-1.9000000000000004,0,2010,0
Sudan,SDN,2015,43.25,37.1,33.7,34.376666666666665,6.149999999999999,36.4,36.4,33.0,-1.9000000000000004,0,2010,0
Sudan,SDN,2016,50.43,43.25,37.1,38.01666666666667,7.18,36.4,36.4,33.0,-1.9000000000000004,0,2010,0
Sudan,SDN,2017,56.38,50.43,43.25,43.593333333333334,5.950000000000003,36.4,36.4,33.0,-1.9000000000000004,0,2010,0
Sudan,SDN,2018,59.35,56.38,50.43,50.02,2.969999999999999,36.4,36.4,33.0,-1.9000000000000004,0,2010,0
Sudan,SDN,2019,63.16,59.35,56.38,55.38666666666666,3.809999999999995,36.4,36.4,33.0,-1.9000000000000004,0,2010,0
Sudan,SDN,2020,65.76,63.16,59.35,59.629999999999995,2.6000000000000085,36.4,36.4,33.0,-1.9000000000000004,0,2020,0
Sudan,SDN,2021,70.36,65.76,63.16,62.75666666666667,4.599999999999994,36.4,36.4,33.0,-1.9000000000000004,0,2020,0
Sudan,SDN,2022,72.02,70.36,65.76,66.42666666666668,1.6599999999999966,36.4,36.4,33.0,-1.9000000000000004,0,2020,0
Sudan,SDN,2023,97.57,72.02,70.36,69.38000000000001,25.549999999999997,36.4,36.4,33.0,-1.9000000000000004,0,2020,0
Tanzania,TZA,2000,334.61,248.98,251.04000000000002,253.8,-1.9499999999999886,36.4,36.4,33.0,-1.9000000000000004,1,2000,0
Tanzania,TZA,2001,318.45,334.61,251.04000000000002,253.8,-16.160000000000025,36.4,36.4,33.0,-1.9000000000000004,1,2000,0
Tanzania,TZA,2002,297.33,318.45,334.61,326.53,-21.120000000000005,36.4,36.4,33.0,-1.9000000000000004,1,2000,0
Tanzania,TZA,2003,278.65,297.33,318.45,316.7966666666667,-18.680000000000007,36.4,36.4,33.0,-1.9000000000000004,1,2000,0
Tanzania,TZA,2004,264.95,278.65,297.33,298.1433333333333,-13.699999999999989,10.0,36.4,33.0,-1.9000000000000004,1,2000,0
Tanzania,TZA,2005,251.68,264.95,278.65,280.31,-13.269999999999982,16.0,10.0,60.0,-44.0,1,2000,0
Tanzania,TZA,2006,225.72,251.68,264.95,265.0933333333333,-25.960000000000008,36.4,16.0,33.0,-1.9000000000000004,1,2000,0
Tanzania,TZA,2007,197.89,225.72,251.68,247.45000000000002,-27.830000000000013,36.4,36.4,33.0,-1.9000000000000004,1,2000,0
Tanzania,TZA,2008,174.56,197.89,225.72,225.09666666666666,-23.329999999999984,25.7,36.4,56.7,-31.000000000000004,1,2000,0
Tanzania,TZA,2009,155.42,174.56,197.89,199.39,-19.140000000000015,36.4,25.7,33.0,-1.9000000000000004,1,2000,0
Tanzania,TZA,2010,145.56,155.42,174.56,175.95666666666662,-9.859999999999985,63.6,36.4,59.1,4.5,1,2010,0
Tanzania,TZA,2011,132.97,145.56,155.42,158.51333333333332,-12.590000000000003,36.4,63.6,33.0,-1.9000000000000004,1,2010,0
Tanzania,TZA,2012,121.45,132.97,145.56,144.65,-11.519999999999996,72.0,36.4,53.7,18.299999999999997,1,2010,0
Tanzania,TZA,2013,131.8,121.45,132.97,133.32666666666668,10.350000000000009,36.4,72.0,33.0,-1.9000000000000004,1,2010,0
Tanzania,TZA,2014,146.36,131.8,121.45,128.74,14.560000000000002,36.4,36.4,33.0,-1.9000000000000004,1,2010,0
Tanzania,TZA,2015,141.8,146.36,131.8,133.20333333333335,-4.560000000000002,36.4,36.4,33.0,-1.9000000000000004,1,2010,0
Tanzania,TZA,2016,134.05,141.8,146.36,139.98666666666668,-7.75,54.4,36.4,51.1,3.299999999999997,1,2010,0
Tanzania,TZA,2017,123.18,134.05,141.8,140.73666666666668,-10.870000000000005,54.6,54.4,36.2,18.4,1,2010,0
Tanzania,TZA,2018,111.48,123.18,134.05,133.01000000000002,-11.700000000000003,36.4,54.6,33.0,-1.9000000000000004,1,2010,0
Tanzania,TZA,2019,116.09,111.48,123.18,122.90333333333335,4.609999999999999,36.4,36.4,33.0,-1.9000000000000004,1,2010,0
Tanzania,TZA,2020,123.35,116.09,111.48,116.91666666666669,7.259999999999991,36.4,36.4,33.0,-1.9000000000000004,1,2020,0
Tanzania,TZA,2021,133.33,123.35,116.09,116.97333333333334,9.980000000000018,36.4,36.4,33.0,-1.9000000000000004,1,2020,0
Tanzania,TZA,2022,132.39,133.33,123.35,124.25666666666667,-0.9400000000000261,36.4,36.4,33.0,-1.9000000000000004,1,2020,0
Tanzania,TZA,2023,138.45,132.39,133.33,129.69000000000003,6.060000000000002,36.4,36.4,33.0,-1.9000000000000004,1,2020,0
Togo,TGO,2000,445.12,248.98,251.04000000000002,253.8,-1.9499999999999886,2.0,36.4,60.0,-58.0,0,2000,1
Togo,TGO,2001,441.75,445.12,251.04000000000002,253.8,-3.3700000000000045,36.4,2.0,33.0,-1.9000000000000004,0,2000,1
Togo,TGO,2002,450.6,441.75,445.12,443.435,8.850000000000023,36.4,36.4,33.0,-1.9000000000000004,0,2000,1
Togo,TGO,2003,466.21,450.6,441.75,445.8233333333333,15.609999999999957,36.4,36.4,33.0,-1.9000000000000004,0,2000,1
Togo,TGO,2004,478.67,466.21,450.6,452.8533333333333,12.460000000000036,36.4,36.4,33.0,-1.9000000000000004,0,2000,1
Togo,TGO,2005,481.51,478.67,466.21,465.16,2.839999999999975,36.4,36.4,33.0,-1.9000000000000004,0,2000,1
Togo,TGO,2006,474.94,481.51,478.67,475.4633333333333,-6.569999999999993,38.0,36.4,48.0,-10.0,0,2000,1
Togo,TGO,2007,447.26,474.94,481.51,478.3733333333333,-27.680000000000007,36.4,38.0,33.0,-1.9000000000000004,0,2000,1
Togo,TGO,2008,396.33,447.26,474.94,467.90333333333336,-50.93000000000001,36.4,36.4,33.0,-1.9000000000000004,0,2000,1
Togo,TGO,2009,343.15,396.33,447.26,439.51,-53.18000000000001,36.4,36.4,33.0,-1.9000000000000004,0,2000,1
Togo,TGO,2010,318.53,343.15,396.33,395.5799999999999,-24.620000000000005,57.1,36.4,33.8,23.300000000000004,0,2010,1
Togo,TGO,2011,310.57,318.53,343.15,352.6699999999999,-7.9599999999999795,36.4,57.1,33.0,-1.9000000000000004,0,2010,1
Togo,TGO,2012,336.21,310.57,318.53,324.0833333333333,25.639999999999986,36.4,36.4,33.0,-1.9000000000000004,0,2010,1
Togo,TGO,2013,369.59,336.21,310.57,321.77,33.379999999999995,36.4,36.4,33.0,-1.9000000000000004,0,2010,1
Togo,TGO,2014,368.98,369.59,336.21,338.78999999999996,-0.6099999999999568,42.8,36.4,18.3,24.499999999999996,0,2010,1
Togo,TGO,2015,372.35,368.98,369.59,358.26,3.3700000000000045,36.4,42.8,33.0,-1.9000000000000004,0,2010,1
Togo,TGO,2016,368.57,372.35,368.98,370.3066666666667,-3.7800000000000296,36.4,36.4,33.0,-1.9000000000000004,0,2010,1
Togo,TGO,2017,351.15,368.57,372.35,369.9666666666667,-17.420000000000016,69.7,36.4,31.1,38.6,0,2010,1
Togo,TGO,2018,322.45,351.15,368.57,364.02333333333337,-28.69999999999999,36.4,69.7,33.0,-1.9000000000000004,0,2010,1
Togo,TGO,2019,289.98,322.45,351.15,347.38999999999993,-32.46999999999997,36.4,36.4,33.0,-1.9000000000000004,0,2010,1
Togo,TGO,2020,283.92,289.98,322.45,321.1933333333333,-6.060000000000002,36.4,36.4,33.0,-1.9000000000000004,0,2020,1
Togo,TGO,2021,279.51,283.92,289.98,298.78333333333336,-4.410000000000025,36.4,36.4,33.0,-1.9000000000000004,0,2020,1
Togo,TGO,2022,278.59,279.51,283.92,284.47,-0.9200000000000159,36.4,36.4,33.0,-1.9000000000000004,0,2020,1
Togo,TGO,2023,264.8,278.59,279.51,280.67333333333335,-13.789999999999964,36.4,36.4,33.0,-1.9000000000000004,0,2020,1
Uganda,UGA,2000,482.77,248.98,251.04000000000002,253.8,-1.9499999999999886,36.4,36.4,33.0,-1.9000000000000004,1,2000,1
Uganda,UGA,2001,508.43,482.77,251.04000000000002,253.8,25.660000000000025,36.4,36.4,14.8,-1.9000000000000004,1,2000,1
Uganda,UGA,2002,501.62,508.43,482.77,495.6,-6.810000000000002,36.4,36.4,33.0,-1.9000000000000004,1,2000,1
Uganda,UGA,2003,479.36,501.62,508.43,497.6066666666666,-22.25999999999999,36.4,36.4,33.0,-1.9000000000000004,1,2000,1
Uganda,UGA,2004,442.78,479.36,501.62,496.47,-36.58000000000004,36.4,36.4,33.0,-1.9000000000000004,1,2000,1
Uganda,UGA,2005,426.27,442.78,479.36,474.58666666666664,-16.50999999999999,36.4,36.4,33.0,-1.9000000000000004,1,2000,1
Uganda,UGA,2006,425.62,426.27,442.78,449.47,-0.6499999999999773,9.7,36.4,61.3,-51.599999999999994,1,2000,1
Uganda,UGA,2007,417.91,425.62,426.27,431.5566666666666,-7.7099999999999795,36.4,9.7,33.0,-1.9000000000000004,1,2000,1
Uganda,UGA,2008,417.7,417.91,425.62,423.26666666666665,-0.21000000000003638,36.4,36.4,33.0,-1.9000000000000004,1,2000,1
Uganda,UGA,2009,422.8,417.7,417.91,420.41,5.100000000000023,32.8,36.4,59.6,-26.800000000000004,1,2000,1
Uganda,UGA,2010,405.97,422.8,417.7,419.47,-16.829999999999984,36.4,32.8,33.0,-1.9000000000000004,1,2010,1
Uganda,UGA,2011,382.9,405.97,422.8,415.49,-23.07000000000005,42.8,36.4,64.5,-21.700000000000003,1,2010,1
Uganda,UGA,2012,349.79,382.9,405.97,403.89000000000004,-33.10999999999996,36.4,42.8,33.0,-1.9000000000000004,1,2010,1
Uganda,UGA,2013,310.27,349.79,382.9,379.55333333333334,-39.52000000000004,36.4,36.4,33.0,-1.9000000000000004,1,2010,1
Uganda,UGA,2014,292.11,310.27,349.79,347.65333333333336,-18.159999999999968,36.4,36.4,33.0,-1.9000000000000004,1,2010,1
Uganda,UGA,2015,288.7,292.11,310.27,317.39000000000004,-3.410000000000025,74.3,36.4,76.9,-2.6000000000000085,1,2010,1
Uganda,UGA,2016,281.02,288.7,292.11,297.0266666666667,-7.680000000000007,62.0,74.3,71.5,-9.5,1,2010,1
Uganda,UGA,2017,276.51,281.02,288.7,287.27666666666664,-4.509999999999991,36.4,62.0,33.0,-1.9000000000000004,1,2010,1
Uganda,UGA,2018,269.21,276.51,281.02,282.07666666666665,-7.300000000000011,60.3,36.4,33.0,-1.9000000000000004,1,2010,1
Uganda,UGA,2019,250.82,269.21,276.51,275.58,-18.389999999999986,60.3,60.3,62.5,-2.200000000000003,1,2010,1
Uganda,UGA,2020,255.66,250.82,269.21,265.5133333333333,4.840000000000003,36.4,60.3,33.0,-1.9000000000000004,1,2020,1
Uganda,UGA,2021,268.61,255.66,250.82,258.56333333333333,12.950000000000017,36.4,36.4,33.0,-1.9000000000000004,1,2020,1
Uganda,UGA,2022,266.58,268.61,255.66,258.3633333333333,-2.0300000000000296,36.4,36.4,33.0,-1.9000000000000004,1,2020,1
Uganda,UGA,2023,267.57,266.58,268.61,263.6166666666667,0.9900000000000091,36.4,36.4,33.0,-1.9000000000000004,1,2020,1
Zambia,ZMB,2000,360.33,248.98,251.04000000000002,253.8,-1.9499999999999886,36.4,36.4,33.0,-1.9000000000000004,0,2000,1
Zambia,ZMB,2001,379.23,360.33,251.04000000000002,253.8,18.900000000000034,36.4,36.4,33.0,-1.9000000000000004,0,2000,1
Zambia,ZMB,2002,369.96,379.23,360.33,369.78,-9.270000000000039,7.3,36.4,52.0,-44.7,0,2000,1
Zambia,ZMB,2003,348.03,369.96,379.23,369.84,-21.930000000000007,36.4,7.3,33.0,-1.9000000000000004,0,2000,1
Zambia,ZMB,2004,300.89,348.03,369.96,365.74,-47.139999999999986,36.4,36.4,33.0,-1.9000000000000004,0,2000,0
Zambia,ZMB,2005,262.52,300.89,348.03,339.62666666666667,-38.370000000000005,36.4,36.4,33.0,-1.9000000000000004,0,2000,0
Zambia,ZMB,2006,225.93,262.52,300.89,303.81333333333333,-36.589999999999975,23.0,36.4,58.0,-35.0,0,2000,0
Zambia,ZMB,2007,194.66,225.93,262.52,263.1133333333333,-31.27000000000001,28.5,23.0,38.4,-9.899999999999999,0,2000,0
Zambia,ZMB,2008,171.62,194.66,225.93,227.70333333333335,-23.039999999999992,41.0,28.5,43.0,-2.0,0,2000,0
Zambia,ZMB,2009,166.78,171.62,194.66,197.40333333333334,-4.840000000000003,36.4,41.0,33.0,-1.9000000000000004,0,2000,0
Zambia,ZMB,2010,169.92,166.78,171.62,177.68666666666664,3.1399999999999864,50.0,36.4,34.0,16.0,0,2010,0
Zambia,ZMB,2011,181.12,169.92,166.78,169.44000000000003,11.200000000000017,36.4,50.0,33.0,-1.9000000000000004,0,2010,0
Zambia,ZMB,2012,206.15,181.12,169.92,172.60666666666668,25.03,57.0,36.4,36.9,20.1,0,2010,0
Zambia,ZMB,2013,228.03,206.15,181.12,185.73000000000002,21.879999999999995,36.4,57.0,33.0,-1.9000000000000004,0,2010,1
Zambia,ZMB,2014,237.47,228.03,206.15,205.10000000000002,9.439999999999998,40.6,36.4,39.8,0.8000000000000043,0,2010,1
Zambia,ZMB,2015,237.78,237.47,228.03,223.88333333333335,0.3100000000000023,36.4,40.6,33.0,-1.9000000000000004,0,2010,0
Zambia,ZMB,2016,229.08,237.78,237.47,234.42666666666665,-8.699999999999989,36.4,36.4,33.0,-1.9000000000000004,0,2010,0
Zambia,ZMB,2017,220.1,229.08,237.78,234.77666666666667,-8.980000000000018,36.4,36.4,33.0,-1.9000000000000004,0,2010,0
Zambia,ZMB,2018,222.0,220.1,229.08,228.98666666666668,1.9000000000000057,51.6,36.4,34.9,16.700000000000003,0,2010,0
Zambia,ZMB,2019,223.85,222.0,220.1,223.7266666666667,1.8499999999999943,51.6,51.6,33.0,-1.9000000000000004,0,2010,0
Zambia,ZMB,2020,234.25,223.85,222.0,221.98333333333335,10.400000000000006,36.4,51.6,33.0,-1.9000000000000004,0,2020,0
Zambia,ZMB,2021,240.98,234.25,223.85,226.69999999999996,6.72999999999999,36.4,36.4,33.0,-1.9000000000000004,0,2020,1
Zambia,ZMB,2022,246.1,240.98,234.25,233.02666666666664,5.1200000000000045,36.4,36.4,33.0,-1.9000000000000004,0,2020,1
Zambia,ZMB,2023,252.08,246.1,240.98,240.4433333333333,5.980000000000018,36.4,36.4,33.0,-1.9000000000000004,0,2020,1
Zimbabwe,ZWE,2000,102.59,248.98,251.04000000000002,253.8,-1.9499999999999886,36.4,36.4,33.0,-1.9000000000000004,0,2000,0
Zimbabwe,ZWE,2001,102.59,102.59,251.04000000000002,253.8,0.0,36.4,36.4,33.0,-1.9000000000000004,0,2000,0
Zimbabwe,ZWE,2002,102.59,102.59,102.59,102.59,0.0,36.4,36.4,33.0,-1.9000000000000004,0,2000,0
Zimbabwe,ZWE,2003,102.59,102.59,102.59,102.59,0.0,36.4,36.4,33.0,-1.9000000000000004,0,2000,0
Zimbabwe,ZWE,2004,102.59,102.59,102.59,102.59,0.0,36.4,36.4,33.0,-1.9000000000000004,0,2000,0
Zimbabwe,ZWE,2005,102.59,102.59,102.59,102.59,0.0,36.4,36.4,33.0,-1.9000000000000004,0,2000,0
Zimbabwe,ZWE,2006,102.59,102.59,102.59,102.59,0.0,3.1,36.4,4.7,-1.6,0,2000,0
Zimbabwe,ZWE,2007,167.62,102.59,102.59,102.59,65.03,36.4,3.1,33.0,-1.9000000000000004,0,2000,0
Zimbabwe,ZWE,2008,67.51,167.62,102.59,124.26666666666667,-100.11,36.4,36.4,33.0,-1.9000000000000004,0,2000,0
Zimbabwe,ZWE,2009,73.82,67.51,167.62,112.57333333333334,6.309999999999988,17.3,36.4,23.6,-6.300000000000001,0,2000,0
Zimbabwe,ZWE,2010,104.38,73.82,67.51,102.98333333333333,30.560000000000002,36.4,17.3,33.0,-1.9000000000000004,0,2010,0
Zimbabwe,ZWE,2011,67.45,104.38,73.82,81.90333333333332,-36.92999999999999,9.7,36.4,2.3,7.3999999999999995,0,2010,0
Zimbabwe,ZWE,2012,54.46,67.45,104.38,81.88333333333334,-12.990000000000002,36.4,9.7,33.0,-1.9000000000000004,0,2010,0
Zimbabwe,ZWE,2013,78.27,54.46,67.45,75.42999999999999,23.809999999999995,36.4,36.4,33.0,-1.9000000000000004,0,2010,0
Zimbabwe,ZWE,2014,97.71,78.27,54.46,66.72666666666667,19.439999999999998,26.8,36.4,3.0,23.8,0,2010,0
Zimbabwe,ZWE,2015,94.12,97.71,78.27,76.81333333333333,-3.589999999999989,9.0,26.8,1.0,8.0,0,2010,0
Zimbabwe,ZWE,2016,66.16,94.12,97.71,90.03333333333335,-27.960000000000008,36.4,9.0,33.0,-1.9000000000000004,0,2010,0
Zimbabwe,ZWE,2017,114.7,66.16,94.12,85.99666666666667,48.540000000000006,36.4,36.4,33.0,-1.9000000000000004,0,2010,0
Zimbabwe,ZWE,2018,53.61,114.7,66.16,91.66000000000001,-61.09,36.4,36.4,33.0,-1.9000000000000004,0,2010,0
Zimbabwe,ZWE,2019,65.09,53.61,114.7,78.15666666666667,11.480000000000004,14.9,36.4,33.0,-1.9000000000000004,0,2010,0
Zimbabwe,ZWE,2020,94.3,65.09,53.61,77.8,29.209999999999994,36.4,14.9,33.0,-1.9000000000000004,0,2020,0
Zimbabwe,ZWE,2021,27.54,94.3,65.09,71.0,-66.75999999999999,36.4,36.4,33.0,-1.9000000000000004,0,2020,0
Zimbabwe,ZWE,2022,28.9,27.54,94.3,62.309999999999995,1.3599999999999994,36.4,36.4,33.0,-1.9000000000000004,0,2020,0
Zimbabwe,ZWE,2023,49.4,28.9,27.54,50.24666666666666,20.5,36.4,36.4,33.0,-1.9000000000000004,0,2020,0
